"year";"country";"score";"nscore";"rank";"rank_count";"rank_inc";"rank_diff"
1957;"Austria";3;"0,30000000";"9,00000000";9;7;"3,36809315"
1957;"Belgium";5;"0,50000000";"7,50000000";7;6;"3,12751507"
1957;"Denmark";10;"1,00000000";"2,00000000";2;2;"2,52606986"
1957;"France";17;"1,70000000";"1,00000000";1;1;"1,68404657"
1957;"Germany";8;"0,80000000";"3,50000000";3;3;"2,76664794"
1957;"Italy";7;"0,70000000";"5,00000000";5;4;"2,88693698"
1957;"Luxembourg";8;"0,80000000";"3,50000000";3;3;"2,76664794"
1957;"Netherlands";31;"3,10000000";"0,00000000";0;0;"0,00000000"
1957;"Switzerland";5;"0,50000000";"7,50000000";7;6;"3,12751507"
1957;"United Kingdom";6;"0,60000000";"6,00000000";6;5;"3,00722602"
1958;"Austria";8;"0,80000000";"4,50000000";4;4;"2,09819900"
1958;"Belgium";8;"0,80000000";"4,50000000";4;4;"2,09819900"
1958;"Denmark";3;"0,30000000";"7,00000000";7;6;"2,65035663"
1958;"France";27;"2,70000000";"0,00000000";0;0;"0,00000000"
1958;"Germany";5;"0,50000000";"6,00000000";6;5;"2,42949357"
1958;"Italy";13;"1,30000000";"2,00000000";2;2;"1,54604137"
1958;"Luxembourg";1;"0,10000000";"8,50000000";8;7;"2,87121968"
1958;"Netherlands";1;"0,10000000";"8,50000000";8;7;"2,87121968"
1958;"Sweden";10;"1,00000000";"3,00000000";3;3;"1,87733594"
1958;"Switzerland";24;"2,40000000";"1,00000000";1;1;"0,33129458"
1959;"Austria";4;"0,40000000";"8,50000000";8;7;"2,75053541"
1959;"Belgium";9;"0,90000000";"5,50000000";5;5;"1,94155441"
1959;"Denmark";12;"1,20000000";"4,00000000";4;4;"1,45616580"
1959;"France";15;"1,50000000";"2,00000000";2;2;"0,97077720"
1959;"Germany";5;"0,50000000";"7,00000000";7;6;"2,58873921"
1959;"Italy";9;"0,90000000";"5,50000000";5;5;"1,94155441"
1959;"Monaco";1;"0,10000000";"10,00000000";10;8;"3,23592401"
1959;"Netherlands";21;"2,10000000";"0,00000000";0;0;"0,00000000"
1959;"Sweden";4;"0,40000000";"8,50000000";8;7;"2,75053541"
1959;"Switzerland";14;"1,40000000";"3,00000000";3;3;"1,13257340"
1959;"United Kingdom";16;"1,60000000";"1,00000000";1;1;"0,80898100"
1960;"Austria";6;"0,60000000";"6,00000000";6;5;"2,82009595"
1960;"Belgium";9;"0,90000000";"5,00000000";5;4;"2,49470026"
1960;"Denmark";4;"0,40000000";"9,50000000";9;7;"3,03702641"
1960;"France";32;"3,20000000";"0,00000000";0;0;"0,00000000"
1960;"Germany";11;"1,10000000";"3,50000000";3;3;"2,27776981"
1960;"Italy";5;"0,50000000";"7,50000000";7;6;"2,92856118"
1960;"Luxembourg";1;"0,10000000";"12,00000000";12;9;"3,36242210"
1960;"Monaco";15;"1,50000000";"2,00000000";2;2;"1,84390889"
1960;"Netherlands";2;"0,20000000";"11,00000000";11;8;"3,25395687"
1960;"Norway";11;"1,10000000";"3,50000000";3;3;"2,27776981"
1960;"Sweden";4;"0,40000000";"9,50000000";9;7;"3,03702641"
1960;"Switzerland";5;"0,50000000";"7,50000000";7;6;"2,92856118"
1960;"United Kingdom";25;"2,50000000";"1,00000000";1;1;"0,75925660"
1961;"Austria";1;"0,10000000";"14,50000000";14;11;"3,64160633"
1961;"Belgium";1;"0,10000000";"14,50000000";14;11;"3,64160633"
1961;"Denmark";12;"1,20000000";"4,50000000";4;4;"2,30635068"
1961;"Finland";6;"0,60000000";"10,00000000";9;8;"3,03467194"
1961;"France";13;"1,30000000";"3,00000000";3;3;"2,18496380"
1961;"Germany";3;"0,30000000";"12,00000000";12;9;"3,39883257"
1961;"Italy";12;"1,20000000";"4,50000000";4;4;"2,30635068"
1961;"Luxembourg";31;"3,10000000";"0,00000000";0;0;"0,00000000"
1961;"Monaco";6;"0,60000000";"10,00000000";9;8;"3,03467194"
1961;"Netherlands";6;"0,60000000";"10,00000000";9;8;"3,03467194"
1961;"Norway";10;"1,00000000";"6,00000000";6;5;"2,54912443"
1961;"Serbia";9;"0,90000000";"7,00000000";7;6;"2,67051131"
1961;"Spain";8;"0,80000000";"8,00000000";8;7;"2,79189819"
1961;"Sweden";2;"0,20000000";"13,00000000";13;10;"3,52021945"
1961;"Switzerland";16;"1,60000000";"2,00000000";2;2;"1,82080316"
1961;"United Kingdom";24;"2,40000000";"1,00000000";1;1;"0,84970814"
1962;"Austria";0;"0,00000000";"13,50000000";12;8;"3,74239560"
1962;"Belgium";0;"0,00000000";"13,50000000";12;8;"3,74239560"
1962;"Denmark";2;"0,33333333";"10,00000000";9;7;"3,45451902"
1962;"Finland";4;"0,66666667";"6,50000000";6;5;"3,16664243"
1962;"France";26;"4,33333333";"0,00000000";0;0;"0,00000000"
1962;"Germany";9;"1,50000000";"5,00000000";5;4;"2,44695097"
1962;"Italy";3;"0,50000000";"8,00000000";8;6;"3,31058073"
1962;"Luxembourg";11;"1,83333333";"2,00000000";2;2;"2,15907439"
1962;"Monaco";13;"2,16666667";"1,00000000";1;1;"1,87119780"
1962;"Netherlands";0;"0,00000000";"13,50000000";12;8;"3,74239560"
1962;"Norway";2;"0,33333333";"10,00000000";9;7;"3,45451902"
1962;"Serbia";10;"1,66666667";"3,50000000";3;3;"2,30301268"
1962;"Spain";0;"0,00000000";"13,50000000";12;8;"3,74239560"
1962;"Sweden";4;"0,66666667";"6,50000000";6;5;"3,16664243"
1962;"Switzerland";2;"0,33333333";"10,00000000";9;7;"3,45451902"
1962;"United Kingdom";10;"1,66666667";"3,50000000";3;3;"2,30301268"
1963;"Austria";16;"1,06666667";"6,00000000";6;5;"1,66767203"
1963;"Belgium";4;"0,26666667";"9,00000000";9;8;"2,43736682"
1963;"Croatia";3;"0,20000000";"10,00000000";10;9;"2,50150805"
1963;"Denmark";42;"2,80000000";"0,00000000";0;0;"0,00000000"
1963;"Finland";0;"0,00000000";"13,50000000";12;11;"2,69393174"
1963;"France";25;"1,66666667";"4,50000000";4;4;"1,09040094"
1963;"Germany";5;"0,33333333";"8,00000000";8;7;"2,37322558"
1963;"Italy";37;"2,46666667";"2,00000000";2;2;"0,32070616"
1963;"Luxembourg";13;"0,86666667";"7,00000000";7;6;"1,86009573"
1963;"Monaco";25;"1,66666667";"4,50000000";4;4;"1,09040094"
1963;"Netherlands";0;"0,00000000";"13,50000000";12;11;"2,69393174"
1963;"Norway";0;"0,00000000";"13,50000000";12;11;"2,69393174"
1963;"Spain";2;"0,13333333";"11,00000000";11;10;"2,56564928"
1963;"Sweden";0;"0,00000000";"13,50000000";12;11;"2,69393174"
1963;"Switzerland";40;"2,66666667";"1,00000000";1;1;"0,12828246"
1963;"United Kingdom";28;"1,86666667";"3,00000000";3;3;"0,89797725"
1964;"Austria";11;"1,22222222";"5,00000000";5;4;"3,08627056"
1964;"Belgium";2;"0,22222222";"9,50000000";9;8;"3,81722938"
1964;"Bosnia and Herzegovina";0;"0,00000000";"13,50000000";12;10;"3,97966467"
1964;"Denmark";4;"0,44444444";"8,00000000";8;7;"3,65479408"
1964;"Finland";9;"1,00000000";"6,00000000";6;5;"3,24870585"
1964;"France";14;"1,55555556";"3,50000000";3;3;"2,84261762"
1964;"Germany";0;"0,00000000";"13,50000000";12;10;"3,97966467"
1964;"Italy";49;"5,44444444";"0,00000000";0;0;"0,00000000"
1964;"Luxembourg";14;"1,55555556";"3,50000000";3;3;"2,84261762"
1964;"Monaco";15;"1,66666667";"2,00000000";2;2;"2,76139997"
1964;"Netherlands";2;"0,22222222";"9,50000000";9;8;"3,81722938"
1964;"Norway";6;"0,66666667";"7,00000000";7;6;"3,49235879"
1964;"Portugal";0;"0,00000000";"13,50000000";12;10;"3,97966467"
1964;"Spain";1;"0,11111111";"11,00000000";11;9;"3,89844702"
1964;"Switzerland";0;"0,00000000";"13,50000000";12;10;"3,97966467"
1964;"United Kingdom";17;"1,88888889";"1,00000000";1;1;"2,59896468"
1965;"Austria";16;"1,77777778";"3,00000000";3;3;"1,64513454"
1965;"Belgium";0;"0,00000000";"15,50000000";14;13;"3,29026908"
1965;"Croatia";2;"0,22222222";"11,00000000";11;11;"3,08462727"
1965;"Denmark";10;"1,11111111";"6,00000000";6;6;"2,26206000"
1965;"Finland";0;"0,00000000";"15,50000000";14;13;"3,29026908"
1965;"France";22;"2,44444444";"2,00000000";2;2;"1,02820909"
1965;"Germany";0;"0,00000000";"15,50000000";14;13;"3,29026908"
1965;"Ireland";11;"1,22222222";"5,00000000";5;5;"2,15923909"
1965;"Italy";15;"1,66666667";"4,00000000";4;4;"1,74795545"
1965;"Luxembourg";32;"3,55555556";"0,00000000";0;0;"0,00000000"
1965;"Monaco";7;"0,77777778";"8,00000000";8;8;"2,57052272"
1965;"Netherlands";5;"0,55555556";"10,00000000";10;10;"2,77616454"
1965;"Norway";1;"0,11111111";"12,50000000";12;12;"3,18744818"
1965;"Portugal";1;"0,11111111";"12,50000000";12;12;"3,18744818"
1965;"Spain";0;"0,00000000";"15,50000000";14;13;"3,29026908"
1965;"Sweden";6;"0,66666667";"9,00000000";9;9;"2,67334363"
1965;"Switzerland";8;"0,88888889";"7,00000000";7;7;"2,46770181"
1965;"United Kingdom";26;"2,88888889";"1,00000000";1;1;"0,61692545"
1966;"Austria";31;"3,44444444";"0,00000000";0;0;"0,00000000"
1966;"Belgium";14;"1,55555556";"3,50000000";3;3;"2,27411058"
1966;"Denmark";4;"0,44444444";"13,00000000";13;9;"3,61182269"
1966;"Finland";7;"0,77777778";"10,00000000";9;7;"3,21050906"
1966;"France";1;"0,11111111";"15,00000000";15;11;"4,01313632"
1966;"Germany";7;"0,77777778";"10,00000000";9;7;"3,21050906"
1966;"Ireland";14;"1,55555556";"3,50000000";3;3;"2,27411058"
1966;"Italy";0;"0,00000000";"16,50000000";16;12;"4,14690754"
1966;"Luxembourg";7;"0,77777778";"10,00000000";9;7;"3,21050906"
1966;"Monaco";0;"0,00000000";"16,50000000";16;12;"4,14690754"
1966;"Netherlands";2;"0,22222222";"14,00000000";14;10;"3,87936511"
1966;"Norway";15;"1,66666667";"2,00000000";2;2;"2,14033937"
1966;"Portugal";6;"0,66666667";"12,00000000";12;8;"3,34428027"
1966;"Slovenia";9;"1,00000000";"6,50000000";6;5;"2,94296664"
1966;"Spain";9;"1,00000000";"6,50000000";6;5;"2,94296664"
1966;"Sweden";16;"1,77777778";"1,00000000";1;1;"2,00656816"
1966;"Switzerland";12;"1,33333333";"5,00000000";5;4;"2,54165301"
1966;"United Kingdom";8;"0,88888889";"8,00000000";8;6;"3,07673785"
1967;"Austria";2;"0,20000000";"14,00000000";13;10;"3,90935018"
1967;"Belgium";8;"0,80000000";"6,00000000";6;6;"3,38810349"
1967;"Finland";3;"0,30000000";"11,50000000";11;9;"3,82247574"
1967;"France";20;"2,00000000";"2,00000000";2;2;"2,34561011"
1967;"Germany";7;"0,70000000";"8,00000000";7;7;"3,47497794"
1967;"Ireland";22;"2,20000000";"1,00000000";1;1;"2,17186121"
1967;"Italy";4;"0,40000000";"10,00000000";10;8;"3,73560129"
1967;"Luxembourg";17;"1,70000000";"3,00000000";3;3;"2,60623346"
1967;"Monaco";10;"1,00000000";"4,00000000";4;4;"3,21435460"
1967;"Netherlands";2;"0,20000000";"14,00000000";13;10;"3,90935018"
1967;"Norway";2;"0,20000000";"14,00000000";13;10;"3,90935018"
1967;"Portugal";3;"0,30000000";"11,50000000";11;9;"3,82247574"
1967;"Slovenia";7;"0,70000000";"8,00000000";7;7;"3,47497794"
1967;"Spain";9;"0,90000000";"5,00000000";5;5;"3,30122904"
1967;"Sweden";7;"0,70000000";"8,00000000";7;7;"3,47497794"
1967;"Switzerland";0;"0,00000000";"16,00000000";16;11;"4,08309908"
1967;"United Kingdom";47;"4,70000000";"0,00000000";0;0;"0,00000000"
1968;"Austria";2;"0,20000000";"13,00000000";12;9;"2,99538106"
1968;"Belgium";8;"0,80000000";"7,00000000";6;6;"2,32974082"
1968;"Croatia";8;"0,80000000";"7,00000000";6;6;"2,32974082"
1968;"Finland";1;"0,10000000";"15,50000000";15;10;"3,10632110"
1968;"France";20;"2,00000000";"2,00000000";2;2;"0,99846035"
1968;"Germany";11;"1,10000000";"5,00000000";5;5;"1,99692071"
1968;"Ireland";18;"1,80000000";"3,00000000";3;3;"1,22034043"
1968;"Italy";7;"0,70000000";"9,00000000";9;7;"2,44068086"
1968;"Luxembourg";5;"0,50000000";"10,50000000";10;8;"2,66256094"
1968;"Monaco";8;"0,80000000";"7,00000000";6;6;"2,32974082"
1968;"Netherlands";1;"0,10000000";"15,50000000";15;10;"3,10632110"
1968;"Norway";2;"0,20000000";"13,00000000";12;9;"2,99538106"
1968;"Portugal";5;"0,50000000";"10,50000000";10;8;"2,66256094"
1968;"Spain";29;"2,90000000";"0,00000000";0;0;"0,00000000"
1968;"Sweden";15;"1,50000000";"4,00000000";4;4;"1,55316055"
1968;"Switzerland";2;"0,20000000";"13,00000000";12;9;"2,99538106"
1968;"United Kingdom";28;"2,80000000";"1,00000000";1;1;"0,11094004"
1969;"Belgium";10;"1,00000000";"6,50000000";6;3;"1,43529991"
1969;"Croatia";5;"0,50000000";"12,50000000";12;7;"2,33236236"
1969;"Finland";6;"0,60000000";"11,00000000";11;6;"2,15294987"
1969;"France";18;"1,80000000";"1,50000000";0;0;"0,00000000"
1969;"Germany";8;"0,80000000";"8,50000000";8;4;"1,79412489"
1969;"Ireland";10;"1,00000000";"6,50000000";6;3;"1,43529991"
1969;"Italy";5;"0,50000000";"12,50000000";12;7;"2,33236236"
1969;"Luxembourg";7;"0,70000000";"10,00000000";10;5;"1,97353738"
1969;"Monaco";11;"1,10000000";"5,00000000";5;2;"1,25588742"
1969;"Netherlands";18;"1,80000000";"1,50000000";0;0;"0,00000000"
1969;"Norway";1;"0,10000000";"15,00000000";15;9;"3,05001231"
1969;"Portugal";4;"0,40000000";"14,00000000";14;8;"2,51177485"
1969;"Spain";18;"1,80000000";"1,50000000";0;0;"0,00000000"
1969;"Sweden";8;"0,80000000";"8,50000000";8;4;"1,79412489"
1969;"Switzerland";13;"1,30000000";"4,00000000";4;1;"0,89706244"
1969;"United Kingdom";18;"1,80000000";"1,50000000";0;0;"0,00000000"
1970;"Belgium";5;"0,46875000";"9,00000000";8;5;"3,02788111"
1970;"France";8;"0,75000000";"4,50000000";3;3;"2,69144988"
1970;"Germany";12;"1,12500000";"2,00000000";2;2;"2,24287490"
1970;"Ireland";32;"3,00000000";"0,00000000";0;0;"0,00000000"
1970;"Italy";5;"0,46875000";"9,00000000";8;5;"3,02788111"
1970;"Luxembourg";8;"0,75000000";"4,50000000";3;3;"2,69144988"
1970;"Monaco";5;"0,46875000";"9,00000000";8;5;"3,02788111"
1970;"Netherlands";7;"0,65625000";"7,00000000";7;4;"2,80359362"
1970;"Slovenia";4;"0,37500000";"11,00000000";11;6;"3,14002486"
1970;"Spain";8;"0,75000000";"4,50000000";3;3;"2,69144988"
1970;"Switzerland";8;"0,75000000";"4,50000000";3;3;"2,69144988"
1970;"United Kingdom";26;"2,43750000";"1,00000000";1;1;"0,67286247"
1971;"Austria";66;"0,79358717";"15,00000000";15;13;"3,33640378"
1971;"Belgium";68;"0,81763527";"13,50000000";13;12;"3,22877785"
1971;"Croatia";68;"0,81763527";"13,50000000";13;12;"3,22877785"
1971;"Finland";84;"1,01002004";"7,00000000";7;6;"2,36777042"
1971;"France";82;"0,98597194";"9,00000000";9;8;"2,47539635"
1971;"Germany";100;"1,20240481";"2,00000000";2;2;"1,50676300"
1971;"Ireland";79;"0,94989980";"10,00000000";10;9;"2,63683524"
1971;"Italy";91;"1,09418838";"4,00000000";4;4;"1,99107967"
1971;"Luxembourg";70;"0,84168337";"12,00000000";12;11;"3,12115192"
1971;"Malta";52;"0,62525050";"17,00000000";17;15;"4,08978527"
1971;"Monaco";128;"1,53907816";"0,00000000";0;0;"0,00000000"
1971;"Netherlands";85;"1,02204409";"5,50000000";5;5;"2,31395746"
1971;"Norway";65;"0,78156313";"16,00000000";16;14;"3,39021674"
1971;"Portugal";83;"0,99799599";"8,00000000";8;7;"2,42158339"
1971;"Spain";115;"1,38276553";"1,00000000";1;1;"0,69956853"
1971;"Sweden";85;"1,02204409";"5,50000000";5;5;"2,31395746"
1971;"Switzerland";78;"0,93787575";"11,00000000";11;10;"2,69064821"
1971;"United Kingdom";98;"1,17835671";"3,00000000";3;3;"1,61438892"
1972;"Austria";100;"1,16731518";"4,00000000";4;4;"1,37300711"
1972;"Belgium";55;"0,64202335";"16,00000000";16;16;"3,57962567"
1972;"Croatia";87;"1,01556420";"8,00000000";8;8;"2,01047469"
1972;"Finland";78;"0,91050584";"11,00000000";11;11;"2,45179840"
1972;"France";81;"0,94552529";"10,00000000";10;10;"2,30469050"
1972;"Germany";107;"1,24902724";"2,00000000";2;2;"1,02975533"
1972;"Ireland";72;"0,84046693";"14,00000000";14;14;"2,74601421"
1972;"Italy";92;"1,07392996";"5,00000000";5;5;"1,76529485"
1972;"Luxembourg";128;"1,49416342";"0,00000000";0;0;"0,00000000"
1972;"Malta";48;"0,56031128";"17,00000000";17;17;"3,92287745"
1972;"Monaco";65;"0,75875486";"15,00000000";15;15;"3,08926599"
1972;"Netherlands";106;"1,23735409";"3,00000000";3;3;"1,07879130"
1972;"Norway";73;"0,85214008";"13,00000000";13;13;"2,69697825"
1972;"Portugal";90;"1,05058366";"6,00000000";6;6;"1,86336679"
1972;"Spain";83;"0,96887160";"9,00000000";9;9;"2,20661856"
1972;"Sweden";75;"0,87548638";"12,00000000";12;12;"2,59890631"
1972;"Switzerland";88;"1,02723735";"7,00000000";7;7;"1,96143872"
1972;"United Kingdom";114;"1,33073930";"1,00000000";1;1;"0,68650355"
1973;"Belgium";58;"0,66174497";"16,00000000";16;13;"3,35680460"
1973;"Bosnia and Herzegovina";65;"0,74161074";"14,50000000";14;12;"3,02585204"
1973;"Finland";93;"1,06107383";"5,00000000";5;5;"1,70204177"
1973;"France";65;"0,74161074";"14,50000000";14;12;"3,02585204"
1973;"Germany";85;"0,96979866";"7,50000000";7;7;"2,08027328"
1973;"Ireland";80;"0,91275168";"9,50000000";9;8;"2,31666797"
1973;"Israel";97;"1,10671141";"3,00000000";3;3;"1,51292602"
1973;"Italy";74;"0,84429530";"12,00000000";12;10;"2,60034159"
1973;"Luxembourg";129;"1,47181208";"0,00000000";0;0;"0,00000000"
1973;"Monaco";85;"0,96979866";"7,50000000";7;7;"2,08027328"
1973;"Netherlands";69;"0,78724832";"13,00000000";13;11;"2,83673628"
1973;"Norway";89;"1,01543624";"6,00000000";6;6;"1,89115752"
1973;"Portugal";80;"0,91275168";"9,50000000";9;8;"2,31666797"
1973;"Spain";125;"1,42617450";"1,00000000";1;1;"0,18911575"
1973;"Sweden";94;"1,07248322";"4,00000000";4;4;"1,65476283"
1973;"Switzerland";79;"0,90134228";"11,00000000";11;9;"2,36394690"
1973;"United Kingdom";123;"1,40335570";"2,00000000";2;2;"0,28367363"
1974;"Belgium";10;"1,00000000";"8,50000000";8;5;"2,30158582"
1974;"Finland";4;"0,40000000";"12,00000000";12;8;"3,28797975"
1974;"Germany";3;"0,30000000";"14,50000000";13;9;"3,45237873"
1974;"Greece";7;"0,70000000";"10,00000000";10;6;"2,79478278"
1974;"Ireland";11;"1,10000000";"6,50000000";6;4;"2,13718683"
1974;"Israel";11;"1,10000000";"6,50000000";6;4;"2,13718683"
1974;"Italy";18;"1,80000000";"1,00000000";1;1;"0,98639392"
1974;"Luxembourg";14;"1,40000000";"4,00000000";3;3;"1,64398987"
1974;"Monaco";14;"1,40000000";"4,00000000";3;3;"1,64398987"
1974;"Netherlands";15;"1,50000000";"2,00000000";2;2;"1,47959089"
1974;"Norway";3;"0,30000000";"14,50000000";13;9;"3,45237873"
1974;"Portugal";3;"0,30000000";"14,50000000";13;9;"3,45237873"
1974;"Serbia";6;"0,60000000";"11,00000000";11;7;"2,95918177"
1974;"Spain";10;"1,00000000";"8,50000000";8;5;"2,30158582"
1974;"Sweden";24;"2,40000000";"0,00000000";0;0;"0,00000000"
1974;"Switzerland";3;"0,30000000";"14,50000000";13;9;"3,45237873"
1974;"United Kingdom";14;"1,40000000";"4,00000000";3;3;"1,64398987"
1975;"Belgium";17;"0,29310345";"14,00000000";14;13;"3,04812984"
1975;"Finland";74;"1,27586207";"6,00000000";6;6;"1,76114168"
1975;"France";91;"1,56896552";"3,00000000";3;3;"1,37730311"
1975;"Germany";15;"0,25862069";"16,00000000";16;15;"3,09328732"
1975;"Ireland";68;"1,17241379";"8,00000000";8;8;"1,89661412"
1975;"Israel";40;"0,68965517";"10,00000000";10;10;"2,52881883"
1975;"Italy";115;"1,98275862";"2,00000000";2;2;"0,83541336"
1975;"Luxembourg";84;"1,44827586";"4,00000000";4;4;"1,53535429"
1975;"Malta";32;"0,55172414";"11,00000000";11;11;"2,70944874"
1975;"Monaco";22;"0,37931034";"12,50000000";12;12;"2,93523614"
1975;"Netherlands";152;"2,62068966";"0,00000000";0;0;"0,00000000"
1975;"Norway";11;"0,18965517";"17,00000000";17;16;"3,18360227"
1975;"Portugal";16;"0,27586207";"15,00000000";15;14;"3,07070858"
1975;"Slovenia";22;"0,37931034";"12,50000000";12;12;"2,93523614"
1975;"Spain";53;"0,91379310";"9,00000000";9;9;"2,23529521"
1975;"Sweden";72;"1,24137931";"7,00000000";7;7;"1,80629916"
1975;"Switzerland";77;"1,32758621";"5,00000000";5;5;"1,69340546"
1975;"Turkey";3;"0,05172414";"18,00000000";18;17;"3,36423219"
1975;"United Kingdom";138;"2,37931034";"1,00000000";1;1;"0,31610235"
1976;"Austria";80;"1,37931034";"4,00000000";4;4;"1,81872021"
1976;"Belgium";68;"1,17241379";"7,00000000";7;7;"2,07853739"
1976;"Bosnia and Herzegovina";10;"0,17241379";"16,00000000";16;16;"3,33432039"
1976;"Finland";44;"0,75862069";"10,00000000";10;10;"2,59817173"
1976;"France";147;"2,53448276";"1,00000000";1;1;"0,36807433"
1976;"Germany";12;"0,20689655";"14,00000000";14;14;"3,29101753"
1976;"Greece";20;"0,34482759";"12,00000000";12;12;"3,11780608"
1976;"Ireland";54;"0,93103448";"9,00000000";9;9;"2,38165742"
1976;"Israel";77;"1,32758621";"5,00000000";5;5;"1,88367451"
1976;"Italy";69;"1,18965517";"6,00000000";6;6;"2,05688596"
1976;"Luxembourg";17;"0,29310345";"13,00000000";13;13;"3,18276037"
1976;"Monaco";93;"1,60344828";"2,00000000";2;2;"1,53725161"
1976;"Netherlands";56;"0,96551724";"8,00000000";8;8;"2,33835456"
1976;"Norway";7;"0,12068966";"17,00000000";17;17;"3,39927469"
1976;"Portugal";24;"0,41379310";"11,00000000";11;11;"3,03120036"
1976;"Spain";11;"0,18965517";"15,00000000";15;15;"3,31266896"
1976;"Switzerland";91;"1,56896552";"3,00000000";3;3;"1,58055447"
1976;"United Kingdom";164;"2,82758621";"0,00000000";0;0;"0,00000000"
1977;"Austria";11;"0,18965517";"16,00000000";16;15;"3,06724360"
1977;"Belgium";69;"1,18965517";"6,00000000";6;6;"1,64404257"
1977;"Finland";50;"0,86206897";"9,00000000";9;9;"2,11026359"
1977;"France";136;"2,34482759";"0,00000000";0;0;"0,00000000"
1977;"Germany";55;"0,94827586";"7,00000000";7;7;"1,98757385"
1977;"Greece";92;"1,58620690";"4,00000000";4;4;"1,07966975"
1977;"Ireland";119;"2,05172414";"2,00000000";2;2;"0,41714513"
1977;"Israel";49;"0,84482759";"10,00000000";10;10;"2,13480154"
1977;"Italy";33;"0,56896552";"12,00000000";12;12;"2,52740872"
1977;"Luxembourg";17;"0,29310345";"15,00000000";15;14;"2,92001590"
1977;"Monaco";96;"1,65517241";"3,00000000";3;3;"0,98151795"
1977;"Netherlands";35;"0,60344828";"11,00000000";11;11;"2,47833283"
1977;"Norway";18;"0,31034483";"13,50000000";13;13;"2,89547796"
1977;"Portugal";18;"0,31034483";"13,50000000";13;13;"2,89547796"
1977;"Spain";52;"0,89655172";"8,00000000";8;8;"2,06118770"
1977;"Sweden";2;"0,03448276";"17,00000000";17;16;"3,28808514"
1977;"Switzerland";71;"1,22413793";"5,00000000";5;5;"1,59496667"
1977;"United Kingdom";121;"2,08620690";"1,00000000";1;1;"0,36806923"
1978;"Austria";14;"0,24137931";"14,00000000";14;13;"3,11024327"
1978;"Belgium";125;"2,15517241";"1,00000000";1;1;"0,69599849"
1978;"Denmark";13;"0,22413793";"15,00000000";15;14;"3,13199322"
1978;"Finland";2;"0,03448276";"17,50000000";17;16;"3,37124270"
1978;"France";119;"2,05172414";"2,00000000";2;2;"0,82649821"
1978;"Germany";84;"1,44827586";"5,00000000";5;5;"1,58774656"
1978;"Greece";66;"1,13793103";"7,00000000";7;7;"1,97924572"
1978;"Ireland";86;"1,48275862";"4,00000000";4;4;"1,54424666"
1978;"Israel";157;"2,70689655";"0,00000000";0;0;"0,00000000"
1978;"Italy";53;"0,91379310";"11,00000000";11;10;"2,26199510"
1978;"Luxembourg";73;"1,25862069";"6,00000000";6;6;"1,82699605"
1978;"Monaco";107;"1,84482759";"3,00000000";3;3;"1,08749765"
1978;"Netherlands";37;"0,63793103";"12,00000000";12;11;"2,60999435"
1978;"Norway";0;"0,00000000";"19,00000000";19;17;"3,41474261"
1978;"Portugal";5;"0,08620690";"16,00000000";16;15;"3,30599284"
1978;"Spain";65;"1,12068966";"8,50000000";8;8;"2,00099567"
1978;"Sweden";26;"0,44827586";"13,00000000";13;12;"2,84924383"
1978;"Switzerland";65;"1,12068966";"8,50000000";8;8;"2,00099567"
1978;"Turkey";2;"0,03448276";"17,50000000";17;16;"3,37124270"
1978;"United Kingdom";61;"1,05172414";"10,00000000";10;9;"2,08799548"
1979;"Austria";5;"0,08620690";"17,50000000";17;17;"3,28797975"
1979;"Belgium";5;"0,08620690";"17,50000000";17;17;"3,28797975"
1979;"Denmark";76;"1,31034483";"5,00000000";5;5;"1,34259173"
1979;"Finland";38;"0,65517241";"13,00000000";13;13;"2,38378532"
1979;"France";106;"1,82758621";"2,00000000";2;2;"0,52059679"
1979;"Germany";86;"1,48275862";"3,00000000";3;3;"1,06859342"
1979;"Greece";69;"1,18965517";"7,00000000";7;7;"1,53439055"
1979;"Ireland";80;"1,37931034";"4,00000000";4;4;"1,23299240"
1979;"Israel";125;"2,15517241";"0,00000000";0;0;"0,00000000"
1979;"Italy";27;"0,46551724";"14,00000000";14;14;"2,68518346"
1979;"Luxembourg";44;"0,75862069";"12,00000000";12;12;"2,21938633"
1979;"Monaco";12;"0,20689655";"15,00000000";15;15;"3,09618093"
1979;"Netherlands";51;"0,87931034";"11,00000000";11;11;"2,02758751"
1979;"Norway";57;"0,98275862";"10,00000000";10;10;"1,86318852"
1979;"Portugal";64;"1,10344828";"8,00000000";8;8;"1,67138970"
1979;"Spain";116;"2,00000000";"1,00000000";1;1;"0,24659848"
1979;"Sweden";8;"0,13793103";"16,00000000";16;16;"3,20578025"
1979;"Switzerland";60;"1,03448276";"9,00000000";9;9;"1,78098903"
1979;"United Kingdom";73;"1,25862069";"6,00000000";6;6;"1,42479122"
1980;"Austria";64;"1,10344828";"7,00000000";7;7;"1,88255387"
1980;"Belgium";14;"0,24137931";"16,00000000";16;16;"3,07404367"
1980;"Denmark";25;"0,43103448";"13,00000000";13;13;"2,81191591"
1980;"Finland";6;"0,10344828";"18,00000000";18;18;"3,26468203"
1980;"France";45;"0,77586207";"10,00000000";10;10;"2,33531999"
1980;"Germany";128;"2,20689655";"1,00000000";1;1;"0,35744694"
1980;"Greece";30;"0,51724138";"12,00000000";12;12;"2,69276693"
1980;"Ireland";143;"2,46551724";"0,00000000";0;0;"0,00000000"
1980;"Italy";87;"1,50000000";"5,00000000";5;5;"1,33446857"
1980;"Luxembourg";56;"0,96551724";"8,00000000";8;8;"2,07319224"
1980;"Morocco";7;"0,12068966";"17,00000000";17;17;"3,24085224"
1980;"Netherlands";93;"1,60344828";"4,00000000";4;4;"1,19148979"
1980;"Norway";15;"0,25862069";"15,00000000";15;15;"3,05021387"
1980;"Portugal";71;"1,22413793";"6,00000000";6;6;"1,71574530"
1980;"Spain";38;"0,65517241";"11,00000000";11;11;"2,50212857"
1980;"Sweden";47;"0,81034483";"9,00000000";9;9;"2,28766040"
1980;"Switzerland";104;"1,79310345";"3,00000000";3;3;"0,92936204"
1980;"Turkey";23;"0,39655172";"14,00000000";14;14;"2,85957550"
1980;"United Kingdom";106;"1,82758621";"2,00000000";2;2;"0,88170245"
1981;"Austria";20;"0,34482759";"16,00000000";16;15;"2,70751864"
1981;"Belgium";40;"0,68965517";"12,00000000";12;11;"2,24070508"
1981;"Bosnia and Herzegovina";35;"0,60344828";"14,00000000";14;13;"2,35740847"
1981;"Cyprus";69;"1,18965517";"5,00000000";5;5;"1,56382542"
1981;"Denmark";41;"0,70689655";"10,50000000";10;10;"2,21736440"
1981;"Finland";27;"0,46551724";"15,00000000";15;14;"2,54413389"
1981;"France";125;"2,15517241";"2,00000000";2;2;"0,25674746"
1981;"Germany";132;"2,27586207";"1,00000000";1;1;"0,09336271"
1981;"Greece";55;"0,94827586";"7,00000000";7;7;"1,89059491"
1981;"Ireland";105;"1,81034483";"4,00000000";4;4;"0,72356102"
1981;"Israel";56;"0,96551724";"6,00000000";6;6;"1,86725423"
1981;"Luxembourg";41;"0,70689655";"10,50000000";10;10;"2,21736440"
1981;"Netherlands";51;"0,87931034";"8,00000000";8;8;"1,98395762"
1981;"Norway";0;"0,00000000";"19,00000000";19;17;"3,17433220"
1981;"Portugal";9;"0,15517241";"17,50000000";17;16;"2,96426610"
1981;"Spain";38;"0,65517241";"13,00000000";13;12;"2,28738644"
1981;"Sweden";50;"0,86206897";"9,00000000";9;9;"2,00729830"
1981;"Switzerland";121;"2,08620690";"3,00000000";3;3;"0,35011017"
1981;"Turkey";9;"0,15517241";"17,50000000";17;16;"2,96426610"
1981;"United Kingdom";136;"2,34482759";"0,00000000";0;0;"0,00000000"
1982;"Austria";57;"0,98275862";"8,00000000";8;8;"2,49760368"
1982;"Belgium";96;"1,65517241";"3,00000000";3;3;"1,56100230"
1982;"Cyprus";85;"1,46551724";"4,00000000";4;4;"1,82517192"
1982;"Denmark";5;"0,08620690";"16,00000000";16;16;"3,74640552"
1982;"Finland";0;"0,00000000";"17,00000000";17;17;"3,86648262"
1982;"Germany";161;"2,77586207";"0,00000000";0;0;"0,00000000"
1982;"Ireland";49;"0,84482759";"10,00000000";10;10;"2,68972704"
1982;"Israel";100;"1,72413793";"1,00000000";1;1;"1,46494062"
1982;"Luxembourg";78;"1,34482759";"5,00000000";5;5;"1,99327986"
1982;"Netherlands";8;"0,13793103";"15,00000000";15;15;"3,67435926"
1982;"Norway";40;"0,68965517";"11,00000000";11;11;"2,90586582"
1982;"Portugal";32;"0,55172414";"12,00000000";12;12;"3,09798918"
1982;"Serbia";21;"0,36206897";"13,00000000";13;13;"3,36215880"
1982;"Spain";52;"0,89655172";"9,00000000";9;9;"2,61768078"
1982;"Sweden";67;"1,15517241";"7,00000000";7;7;"2,25744948"
1982;"Switzerland";97;"1,67241379";"2,00000000";2;2;"1,53698688"
1982;"Turkey";20;"0,34482759";"14,00000000";14;14;"3,38617422"
1982;"United Kingdom";76;"1,31034483";"6,00000000";6;6;"2,04131070"
1983;"Austria";53;"0,91379310";"8,50000000";8;8;"1,97898689"
1983;"Belgium";13;"0,22413793";"17,00000000";17;15;"2,86841919"
1983;"Cyprus";26;"0,44827586";"15,00000000";15;13;"2,57935369"
1983;"Denmark";16;"0,27586207";"16,00000000";16;14;"2,80171177"
1983;"Finland";41;"0,70689655";"10,50000000";10;9;"2,24581658"
1983;"France";56;"0,96551724";"7,00000000";7;7;"1,91227946"
1983;"Germany";94;"1,62068966";"4,00000000";4;4;"1,06731877"
1983;"Greece";32;"0,55172414";"13,00000000";13;11;"2,44593885"
1983;"Israel";136;"2,34482759";"1,00000000";1;1;"0,13341485"
1983;"Italy";41;"0,70689655";"10,50000000";10;9;"2,24581658"
1983;"Luxembourg";142;"2,44827586";"0,00000000";0;0;"0,00000000"
1983;"Montenegro";125;"2,15517241";"3,00000000";3;3;"0,37800873"
1983;"Netherlands";66;"1,13793103";"6,00000000";6;6;"1,68992139"
1983;"Norway";53;"0,91379310";"8,50000000";8;8;"1,97898689"
1983;"Portugal";33;"0,56896552";"12,00000000";12;10;"2,42370304"
1983;"Spain";0;"0,00000000";"18,50000000";18;16;"3,15748469"
1983;"Sweden";126;"2,17241379";"2,00000000";2;2;"0,35577292"
1983;"Switzerland";28;"0,48275862";"14,00000000";14;12;"2,53488208"
1983;"Turkey";0;"0,00000000";"18,50000000";18;16;"3,15748469"
1983;"United Kingdom";79;"1,36206897";"5,00000000";5;5;"1,40085588"
1984;"Austria";5;"0,08620690";"18,00000000";18;16;"3,61679435"
1984;"Belgium";70;"1,20689655";"4,50000000";4;4;"1,93756840"
1984;"Croatia";26;"0,44827586";"17,00000000";17;15;"3,07427519"
1984;"Cyprus";31;"0,53448276";"14,00000000";14;12;"2,94510397"
1984;"Denmark";101;"1,74137931";"3,00000000";3;3;"1,13670679"
1984;"Finland";46;"0,79310345";"8,00000000";8;7;"2,55759029"
1984;"France";61;"1,05172414";"7,00000000";7;6;"2,17007661"
1984;"Germany";34;"0,58620690";"12,50000000";12;11;"2,86760123"
1984;"Ireland";137;"2,36206897";"1,00000000";1;1;"0,20667396"
1984;"Italy";70;"1,20689655";"4,50000000";4;4;"1,93756840"
1984;"Luxembourg";39;"0,67241379";"9,00000000";9;8;"2,73843000"
1984;"Netherlands";34;"0,58620690";"12,50000000";12;11;"2,86760123"
1984;"Norway";29;"0,50000000";"16,00000000";16;14;"2,99677246"
1984;"Portugal";38;"0,65517241";"10,00000000";10;9;"2,76426425"
1984;"Spain";106;"1,82758621";"2,00000000";2;2;"1,00753557"
1984;"Sweden";145;"2,50000000";"0,00000000";0;0;"0,00000000"
1984;"Switzerland";30;"0,51724138";"15,00000000";15;13;"2,97093821"
1984;"Turkey";37;"0,63793103";"11,00000000";11;10;"2,79009849"
1984;"United Kingdom";63;"1,08620690";"6,00000000";6;5;"2,11840812"
1985;"Austria";60;"1,03448276";"7,00000000";7;7;"1,73606500"
1985;"Belgium";7;"0,12068966";"18,00000000";18;16;"3,19656414"
1985;"Cyprus";15;"0,25862069";"15,50000000";15;14;"2,97611144"
1985;"Denmark";41;"0,70689655";"10,00000000";10;10;"2,25964017"
1985;"Finland";58;"1,00000000";"8,00000000";8;8;"1,79117818"
1985;"France";56;"0,96551724";"9,00000000";9;9;"1,84629135"
1985;"Germany";105;"1,81034483";"1,00000000";1;1;"0,49601857"
1985;"Greece";15;"0,25862069";"15,50000000";15;14;"2,97611144"
1985;"Ireland";91;"1,56896552";"5,00000000";5;5;"0,88181080"
1985;"Israel";93;"1,60344828";"4,00000000";4;4;"0,82669762"
1985;"Italy";78;"1,34482759";"6,00000000";6;6;"1,24004643"
1985;"Luxembourg";37;"0,63793103";"12,00000000";12;12;"2,36986651"
1985;"Norway";123;"2,12068966";"0,00000000";0;0;"0,00000000"
1985;"Portugal";9;"0,15517241";"17,00000000";17;15;"3,14145096"
1985;"Spain";36;"0,62068966";"13,50000000";13;13;"2,39742310"
1985;"Sweden";103;"1,77586207";"2,00000000";2;2;"0,55113175"
1985;"Switzerland";39;"0,67241379";"11,00000000";11;11;"2,31475334"
1985;"Turkey";36;"0,62068966";"13,50000000";13;13;"2,39742310"
1985;"United Kingdom";100;"1,72413793";"3,00000000";3;3;"0,63380151"
1986;"Austria";12;"0,20689655";"17,00000000";17;17;"3,54796255"
1986;"Belgium";176;"3,03448276";"0,00000000";0;0;"0,00000000"
1986;"Croatia";49;"0,84482759";"10,00000000";10;10;"2,74750758"
1986;"Cyprus";4;"0,06896552";"19,00000000";19;19;"3,72103389"
1986;"Denmark";77;"1,32758621";"5,00000000";5;5;"2,14175788"
1986;"Finland";22;"0,37931034";"14,00000000";14;14;"3,33162337"
1986;"France";13;"0,22413793";"16,00000000";16;16;"3,52632863"
1986;"Germany";62;"1,06896552";"7,00000000";7;7;"2,46626665"
1986;"Iceland";19;"0,32758621";"15,00000000";15;15;"3,39652512"
1986;"Ireland";96;"1,65517241";"3,00000000";3;3;"1,73071344"
1986;"Israel";7;"0,12068966";"18,00000000";18;18;"3,65613214"
1986;"Luxembourg";117;"2,01724138";"2,00000000";2;2;"1,27640116"
1986;"Netherlands";40;"0,68965517";"12,00000000";12;12;"2,94221284"
1986;"Norway";44;"0,75862069";"11,00000000";11;11;"2,85567717"
1986;"Portugal";28;"0,48275862";"13,00000000";13;13;"3,20181986"
1986;"Spain";51;"0,87931034";"9,00000000";9;9;"2,70423975"
1986;"Sweden";78;"1,34482759";"4,00000000";4;4;"2,12012396"
1986;"Switzerland";140;"2,41379310";"1,00000000";1;1;"0,77882105"
1986;"Turkey";53;"0,91379310";"8,00000000";8;8;"2,66097191"
1986;"United Kingdom";72;"1,24137931";"6,00000000";6;6;"2,24992747"
1987;"Austria";8;"0,13793103";"19,00000000";19;18;"3,71033670"
1987;"Belgium";56;"0,96551724";"10,00000000";10;9;"2,62438449"
1987;"Croatia";92;"1,58620690";"3,00000000";3;3;"1,80992034"
1987;"Cyprus";80;"1,37931034";"6,00000000";6;5;"2,08140839"
1987;"Denmark";83;"1,43103448";"4,50000000";4;4;"2,01353638"
1987;"Finland";32;"0,55172414";"14,00000000";14;13;"3,16736060"
1987;"France";44;"0,75862069";"13,00000000";13;12;"2,89587255"
1987;"Germany";141;"2,43103448";"1,00000000";1;1;"0,70134413"
1987;"Greece";64;"1,10344828";"9,00000000";9;8;"2,44339246"
1987;"Iceland";28;"0,48275862";"15,00000000";15;14;"3,25785661"
1987;"Ireland";172;"2,96551724";"0,00000000";0;0;"0,00000000"
1987;"Israel";73;"1,25862069";"7,00000000";7;6;"2,23977642"
1987;"Italy";103;"1,77586207";"2,00000000";2;2;"1,56105629"
1987;"Luxembourg";4;"0,06896552";"20,00000000";20;19;"3,80083272"
1987;"Netherlands";83;"1,43103448";"4,50000000";4;4;"2,01353638"
1987;"Norway";65;"1,12068966";"8,00000000";8;7;"2,42076846"
1987;"Portugal";15;"0,25862069";"17,00000000";17;16;"3,55196867"
1987;"Spain";10;"0,17241379";"18,00000000";18;17;"3,66508869"
1987;"Sweden";50;"0,86206897";"11,00000000";11;10;"2,76012852"
1987;"Switzerland";26;"0,44827586";"16,00000000";16;15;"3,30310462"
1987;"Turkey";0;"0,00000000";"21,00000000";21;20;"3,89132873"
1987;"United Kingdom";47;"0,81034483";"12,00000000";12;11;"2,82800053"
1988;"Austria";0;"0,00000000";"20,00000000";20;18;"3,32449856"
1988;"Belgium";5;"0,08620690";"17,50000000";17;16;"3,20316649"
1988;"Croatia";87;"1,50000000";"5,00000000";5;5;"1,21332064"
1988;"Denmark";92;"1,58620690";"2,00000000";2;2;"1,09198858"
1988;"Finland";3;"0,05172414";"19,00000000";19;17;"3,25169932"
1988;"France";64;"1,10344828";"9,00000000";9;9;"1,77144814"
1988;"Germany";48;"0,82758621";"13,00000000";13;12;"2,15971074"
1988;"Greece";10;"0,17241379";"16,00000000";16;15;"3,08183443"
1988;"Iceland";20;"0,34482759";"15,00000000";15;14;"2,83917030"
1988;"Ireland";79;"1,36206897";"7,00000000";7;7;"1,40745194"
1988;"Israel";85;"1,46551724";"6,00000000";6;6;"1,26185347"
1988;"Italy";52;"0,89655172";"11,50000000";11;11;"2,06264509"
1988;"Luxembourg";90;"1,55172414";"3,00000000";3;3;"1,14052140"
1988;"Netherlands";70;"1,20689655";"8,00000000";8;8;"1,62584966"
1988;"Norway";88;"1,51724138";"4,00000000";4;4;"1,18905423"
1988;"Portugal";5;"0,08620690";"17,50000000";17;16;"3,20316649"
1988;"Spain";58;"1,00000000";"10,00000000";10;10;"1,91704661"
1988;"Sweden";52;"0,89655172";"11,50000000";11;11;"2,06264509"
1988;"Switzerland";137;"2,36206897";"0,00000000";0;0;"0,00000000"
1988;"Turkey";37;"0,63793103";"14,00000000";14;13;"2,42664128"
1988;"United Kingdom";136;"2,34482759";"1,00000000";1;1;"0,02426641"
1989;"Austria";97;"1,67241379";"4,00000000";4;4;"1,00217973"
1989;"Belgium";13;"0,22413793";"18,00000000";18;17;"3,10675715"
1989;"Croatia";137;"2,36206897";"0,00000000";0;0;"0,00000000"
1989;"Cyprus";51;"0,87931034";"10,00000000";10;9;"2,15468641"
1989;"Denmark";111;"1,91379310";"2,00000000";2;2;"0,65141682"
1989;"Finland";76;"1,31034483";"6,00000000";6;6;"1,52832408"
1989;"France";60;"1,03448276";"7,00000000";7;7;"1,92919597"
1989;"Germany";46;"0,79310345";"13,00000000";13;12;"2,27995887"
1989;"Greece";56;"0,96551724";"8,50000000";8;8;"2,02941394"
1989;"Iceland";0;"0,00000000";"21,00000000";21;20;"3,43246556"
1989;"Ireland";21;"0,36206897";"17,00000000";17;16;"2,90632120"
1989;"Israel";50;"0,86206897";"11,00000000";11;10;"2,17974090"
1989;"Italy";56;"0,96551724";"8,50000000";8;8;"2,02941394"
1989;"Luxembourg";8;"0,13793103";"19,00000000";19;18;"3,23202961"
1989;"Netherlands";45;"0,77586207";"14,00000000";14;13;"2,30501337"
1989;"Norway";30;"0,51724138";"16,00000000";16;15;"2,68083076"
1989;"Portugal";39;"0,67241379";"15,00000000";15;14;"2,45534033"
1989;"Spain";88;"1,51724138";"5,00000000";5;5;"1,22767016"
1989;"Sweden";110;"1,89655172";"3,00000000";3;3;"0,67647131"
1989;"Switzerland";47;"0,81034483";"12,00000000";12;11;"2,25490438"
1989;"Turkey";5;"0,08620690";"20,00000000";20;19;"3,30719309"
1989;"United Kingdom";130;"2,24137931";"1,00000000";1;1;"0,17538145"
1990;"Austria";58;"1,00000000";"9,00000000";9;8;"2,02262655"
1990;"Belgium";46;"0,79310345";"11,00000000";11;10;"2,28934653"
1990;"Croatia";81;"1,39655172";"6,00000000";6;5;"1,51141325"
1990;"Cyprus";36;"0,62068966";"13,00000000";13;12;"2,51161319"
1990;"Denmark";64;"1,10344828";"7,00000000";7;6;"1,88926656"
1990;"Finland";8;"0,13793103";"20,50000000";20;19;"3,13395982"
1990;"France";132;"2,27586207";"1,50000000";1;1;"0,37785331"
1990;"Germany";60;"1,03448276";"8,00000000";8;7;"1,97817322"
1990;"Greece";11;"0,18965517";"18,00000000";18;17;"3,06727982"
1990;"Iceland";124;"2,13793103";"3,00000000";3;2;"0,55566663"
1990;"Ireland";132;"2,27586207";"1,50000000";1;1;"0,37785331"
1990;"Israel";16;"0,27586207";"17,00000000";17;16;"2,95614650"
1990;"Italy";149;"2,56896552";"0,00000000";0;0;"0,00000000"
1990;"Luxembourg";38;"0,65517241";"12,00000000";12;11;"2,46715986"
1990;"Netherlands";25;"0,43103448";"14,00000000";14;13;"2,75610651"
1990;"Norway";8;"0,13793103";"20,50000000";20;19;"3,13395982"
1990;"Portugal";9;"0,15517241";"19,00000000";19;18;"3,11173315"
1990;"Spain";96;"1,65517241";"4,00000000";4;3;"1,17801327"
1990;"Sweden";24;"0,41379310";"15,00000000";15;14;"2,77833317"
1990;"Switzerland";51;"0,87931034";"10,00000000";10;9;"2,17821321"
1990;"Turkey";21;"0,36206897";"16,00000000";16;15;"2,84501317"
1990;"United Kingdom";87;"1,50000000";"5,00000000";5;4;"1,37805325"
1991;"Austria";0;"0,00000000";"21,00000000";21;19;"2,91379053"
1991;"Belgium";23;"0,39655172";"15,00000000";15;13;"2,45476873"
1991;"Cyprus";60;"1,03448276";"8,00000000";8;7;"1,71634237"
1991;"Denmark";8;"0,13793103";"18,00000000";18;16;"2,75413077"
1991;"Finland";6;"0,10344828";"19,00000000";19;17;"2,79404571"
1991;"France";146;"2,51724138";"0,50000000";0;0;"0,00000000"
1991;"Germany";10;"0,17241379";"17,00000000";17;15;"2,71421584"
1991;"Greece";36;"0,62068966";"12,00000000";12;10;"2,19532163"
1991;"Iceland";26;"0,44827586";"14,00000000";14;12;"2,39489633"
1991;"Ireland";47;"0,81034483";"9,50000000";9;8;"1,97578947"
1991;"Israel";139;"2,39655172";"2,00000000";2;1;"0,13970229"
1991;"Italy";89;"1,53448276";"6,00000000";6;5;"1,13757575"
1991;"Luxembourg";29;"0,50000000";"13,00000000";13;11;"2,33502392"
1991;"Malta";106;"1,82758621";"5,00000000";5;4;"0,79829878"
1991;"Norway";14;"0,24137931";"16,00000000";16;14;"2,63438596"
1991;"Portugal";62;"1,06896552";"7,00000000";7;6;"1,67642743"
1991;"Serbia";1;"0,01724138";"20,00000000";20;18;"2,89383306"
1991;"Spain";119;"2,05172414";"3,00000000";3;2;"0,53885167"
1991;"Sweden";146;"2,51724138";"0,50000000";0;0;"0,00000000"
1991;"Switzerland";118;"2,03448276";"4,00000000";4;3;"0,55880914"
1991;"Turkey";44;"0,75862069";"11,00000000";11;9;"2,03566188"
1991;"United Kingdom";47;"0,81034483";"9,50000000";9;8;"1,97578947"
1992;"Austria";63;"1,08620690";"9,00000000";9;9;"2,10559346"
1992;"Belgium";11;"0,18965517";"19,00000000";19;19;"3,29571150"
1992;"Cyprus";57;"0,98275862";"10,00000000";10;10;"2,24291477"
1992;"Denmark";47;"0,81034483";"11,00000000";11;11;"2,47178362"
1992;"Finland";4;"0,06896552";"22,00000000";22;22;"3,45591970"
1992;"France";73;"1,25862069";"7,00000000";7;7;"1,87672460"
1992;"Germany";27;"0,46551724";"15,00000000";15;15;"2,92952133"
1992;"Greece";94;"1,62068966";"4,00000000";4;4;"1,39610001"
1992;"Iceland";80;"1,37931034";"6,00000000";6;6;"1,71651641"
1992;"Ireland";155;"2,67241379";"0,00000000";0;0;"0,00000000"
1992;"Israel";85;"1,46551724";"5,00000000";5;5;"1,60208198"
1992;"Italy";111;"1,91379310";"3,00000000";3;3;"1,00702296"
1992;"Luxembourg";10;"0,17241379";"20,00000000";20;20;"3,31859838"
1992;"Malta";123;"2,12068966";"2,00000000";2;2;"0,73238033"
1992;"Netherlands";67;"1,15517241";"8,00000000";8;8;"2,01404592"
1992;"Norway";23;"0,39655172";"17,00000000";17;17;"3,02106887"
1992;"Portugal";26;"0,44827586";"16,00000000";16;16;"2,95240822"
1992;"Serbia";44;"0,75862069";"12,00000000";12;12;"2,54044428"
1992;"Spain";37;"0,63793103";"13,00000000";13;13;"2,70065248"
1992;"Sweden";9;"0,15517241";"21,00000000";21;21;"3,34148527"
1992;"Switzerland";32;"0,55172414";"14,00000000";14;14;"2,81508691"
1992;"Turkey";17;"0,29310345";"18,00000000";18;18;"3,15839019"
1992;"United Kingdom";139;"2,39655172";"1,00000000";1;1;"0,36619017"
1993;"Austria";32;"0,55172414";"13,00000000";13;13;"2,89412236"
1993;"Belgium";3;"0,05172414";"24,00000000";24;23;"3,43560331"
1993;"Bosnia and Herzegovina";27;"0,46551724";"15,00000000";15;15;"2,98748114"
1993;"Croatia";31;"0,53448276";"14,00000000";14;14;"2,91279411"
1993;"Cyprus";17;"0,29310345";"18,00000000";18;18;"3,17419871"
1993;"Denmark";9;"0,15517241";"21,50000000";21;21;"3,32357277"
1993;"Finland";20;"0,34482759";"16,00000000";16;16;"3,11818344"
1993;"France";121;"2,08620690";"3,00000000";3;3;"1,23233597"
1993;"Germany";18;"0,31034483";"17,00000000";17;17;"3,15552696"
1993;"Greece";64;"1,10344828";"8,00000000";8;8;"2,29662613"
1993;"Iceland";42;"0,72413793";"12,00000000";12;12;"2,70740479"
1993;"Ireland";187;"3,22413793";"0,00000000";0;0;"0,00000000"
1993;"Israel";4;"0,06896552";"23,00000000";23;22;"3,41693156"
1993;"Italy";45;"0,77586207";"11,00000000";11;11;"2,65138951"
1993;"Luxembourg";11;"0,18965517";"19,00000000";19;19;"3,28622926"
1993;"Malta";69;"1,18965517";"7,00000000";7;7;"2,20326734"
1993;"Netherlands";92;"1,58620690";"5,00000000";5;5;"1,77381693"
1993;"Norway";120;"2,06896552";"4,00000000";4;4;"1,25100773"
1993;"Portugal";60;"1,03448276";"9,00000000";9;9;"2,37131316"
1993;"Slovenia";9;"0,15517241";"21,50000000";21;21;"3,32357277"
1993;"Spain";58;"1,00000000";"10,00000000";10;10;"2,40865667"
1993;"Sweden";89;"1,53448276";"6,00000000";6;6;"1,82983220"
1993;"Switzerland";148;"2,55172414";"2,00000000";2;2;"0,72819853"
1993;"Turkey";10;"0,17241379";"20,00000000";20;20;"3,30490101"
1993;"United Kingdom";164;"2,82758621";"1,00000000";1;1;"0,42945041"
1994;"Austria";19;"0,32758621";"16,00000000";16;16;"3,73828550"
1994;"Bosnia and Herzegovina";39;"0,67241379";"14,00000000";14;14;"3,37709850"
1994;"Croatia";27;"0,46551724";"15,00000000";15;15;"3,59381070"
1994;"Cyprus";51;"0,87931034";"10,00000000";10;10;"3,16038629"
1994;"Estonia";2;"0,03448276";"23,00000000";23;22;"4,04529446"
1994;"Finland";11;"0,18965517";"21,00000000";21;20;"3,88276030"
1994;"France";74;"1,27586207";"6,00000000";6;6;"2,74502124"
1994;"Germany";128;"2,20689655";"2,00000000";2;2;"1,76981632"
1994;"Greece";44;"0,75862069";"13,00000000";13;13;"3,28680175"
1994;"Hungary";122;"2,10344828";"3,00000000";3;3;"1,87817243"
1994;"Iceland";49;"0,84482759";"11,00000000";11;11;"3,19650499"
1994;"Ireland";226;"3,89655172";"0,00000000";0;0;"0,00000000"
1994;"Lithuania";0;"0,00000000";"24,00000000";24;23;"4,08141316"
1994;"Malta";97;"1,67241379";"4,00000000";4;4;"2,32965618"
1994;"Netherlands";4;"0,06896552";"22,00000000";22;21;"4,00917576"
1994;"Norway";76;"1,31034483";"5,00000000";5;5;"2,70890254"
1994;"Poland";166;"2,86206897";"1,00000000";1;1;"1,08356102"
1994;"Portugal";73;"1,25862069";"7,00000000";7;7;"2,76308059"
1994;"Romania";14;"0,24137931";"20,00000000";20;19;"3,82858225"
1994;"Russia";70;"1,20689655";"8,00000000";8;8;"2,81725864"
1994;"Slovakia";15;"0,25862069";"18,50000000";18;18;"3,81052290"
1994;"Spain";17;"0,29310345";"17,00000000";17;17;"3,77440420"
1994;"Sweden";48;"0,82758621";"12,00000000";12;12;"3,21456434"
1994;"Switzerland";15;"0,25862069";"18,50000000";18;18;"3,81052290"
1994;"United Kingdom";63;"1,08620690";"9,00000000";9;9;"2,94367409"
1995;"Austria";67;"1,15517241";"12,00000000";12;11;"1,92520101"
1995;"Belgium";8;"0,13793103";"19,00000000";19;18;"3,32750792"
1995;"Bosnia and Herzegovina";14;"0,24137931";"18,00000000";18;17;"3,18490044"
1995;"Croatia";91;"1,56896552";"5,00000000";5;5;"1,35477108"
1995;"Cyprus";79;"1,36206897";"8,00000000";8;8;"1,63998605"
1995;"Denmark";92;"1,58620690";"4,00000000";4;4;"1,33100317"
1995;"France";94;"1,62068966";"3,00000000";3;3;"1,28346734"
1995;"Germany";1;"0,01724138";"22,00000000";22;21;"3,49388332"
1995;"Greece";68;"1,17241379";"11,00000000";11;10;"1,90143310"
1995;"Hungary";3;"0,05172414";"21,00000000";21;20;"3,44634749"
1995;"Iceland";31;"0,53448276";"14,00000000";14;13;"2,78084590"
1995;"Ireland";44;"0,75862069";"13,00000000";13;12;"2,47186303"
1995;"Israel";81;"1,39655172";"7,00000000";7;7;"1,59245022"
1995;"Malta";76;"1,31034483";"9,50000000";9;9;"1,71128979"
1995;"Norway";148;"2,55172414";"0,00000000";0;0;"0,00000000"
1995;"Poland";15;"0,25862069";"17,00000000";17;16;"3,16113252"
1995;"Portugal";5;"0,08620690";"20,00000000";20;19;"3,39881166"
1995;"Russia";17;"0,29310345";"16,00000000";16;15;"3,11359670"
1995;"Slovenia";84;"1,44827586";"6,00000000";6;6;"1,52114648"
1995;"Spain";119;"2,05172414";"1,00000000";1;1;"0,68926950"
1995;"Sweden";100;"1,72413793";"2,00000000";2;2;"1,14085986"
1995;"Turkey";21;"0,36206897";"15,00000000";15;14;"3,01852504"
1995;"United Kingdom";76;"1,31034483";"9,50000000";9;9;"1,71128979"
1996;"Austria";68;"1,17241379";"9,50000000";9;9;"2,33113585"
1996;"Belgium";22;"0,37931034";"15,50000000";15;14;"3,47190445"
1996;"Bosnia and Herzegovina";13;"0,22413793";"21,00000000";21;19;"3,69509831"
1996;"Croatia";98;"1,68965517";"3,00000000";3;3;"1,58715632"
1996;"Cyprus";72;"1,24137931";"8,00000000";8;8;"2,23193858"
1996;"Estonia";94;"1,62068966";"4,00000000";4;4;"1,68635359"
1996;"Finland";9;"0,15517241";"22,00000000";22;20;"3,79429558"
1996;"France";18;"0,31034483";"18,00000000";18;16;"3,57110172"
1996;"Greece";36;"0,62068966";"13,00000000";13;12;"3,12471401"
1996;"Iceland";51;"0,87931034";"12,00000000";12;11;"2,75272425"
1996;"Ireland";162;"2,79310345";"0,00000000";0;0;"0,00000000"
1996;"Malta";68;"1,17241379";"9,50000000";9;9;"2,33113585"
1996;"Netherlands";78;"1,34482759";"6,00000000";6;6;"2,08314267"
1996;"Norway";114;"1,96551724";"1,00000000";1;1;"1,19036724"
1996;"Poland";31;"0,53448276";"14,00000000";14;13;"3,24871060"
1996;"Portugal";92;"1,58620690";"5,00000000";5;5;"1,73595223"
1996;"Slovakia";19;"0,32758621";"17,00000000";17;15;"3,54630241"
1996;"Slovenia";16;"0,27586207";"20,00000000";20;18;"3,62070036"
1996;"Spain";17;"0,29310345";"19,00000000";19;17;"3,59590104"
1996;"Sweden";100;"1,72413793";"2,00000000";2;2;"1,53755769"
1996;"Switzerland";22;"0,37931034";"15,50000000";15;14;"3,47190445"
1996;"Turkey";57;"0,98275862";"11,00000000";11;10;"2,60392834"
1996;"United Kingdom";77;"1,32758621";"7,00000000";7;7;"2,10794199"
1997;"Austria";12;"0,20689655";"20,00000000";20;18;"3,89117699"
1997;"Bosnia and Herzegovina";22;"0,37931034";"17,50000000";17;16;"3,71019201"
1997;"Croatia";24;"0,41379310";"16,00000000";16;15;"3,67399502"
1997;"Cyprus";98;"1,68965517";"4,00000000";4;4;"2,33470619"
1997;"Denmark";25;"0,43103448";"15,00000000";15;14;"3,65589652"
1997;"Estonia";82;"1,41379310";"7,00000000";7;7;"2,62428216"
1997;"France";95;"1,63793103";"6,00000000";6;6;"2,38900169"
1997;"Germany";22;"0,37931034";"17,50000000";17;16;"3,71019201"
1997;"Greece";39;"0,67241379";"11,50000000";11;11;"3,40251755"
1997;"Hungary";39;"0,67241379";"11,50000000";11;11;"3,40251755"
1997;"Iceland";18;"0,31034483";"19,00000000";19;17;"3,78258600"
1997;"Ireland";157;"2,70689655";"1,00000000";1;1;"1,26689483"
1997;"Italy";114;"1,96551724";"3,00000000";3;3;"2,04513023"
1997;"Malta";66;"1,13793103";"8,00000000";8;8;"2,91385812"
1997;"Netherlands";5;"0,08620690";"21,50000000";21;19;"4,01786647"
1997;"Norway";0;"0,00000000";"23,50000000";23;20;"4,10835896"
1997;"Poland";54;"0,93103448";"10,00000000";10;10;"3,13104009"
1997;"Portugal";0;"0,00000000";"23,50000000";23;20;"4,10835896"
1997;"Russia";33;"0,56896552";"14,00000000";14;13;"3,51110854"
1997;"Slovenia";60;"1,03448276";"9,00000000";9;9;"3,02244910"
1997;"Spain";96;"1,65517241";"5,00000000";5;5;"2,37090319"
1997;"Sweden";36;"0,62068966";"13,00000000";13;12;"3,45681305"
1997;"Switzerland";5;"0,08620690";"21,50000000";21;19;"4,01786647"
1997;"Turkey";121;"2,08620690";"2,00000000";2;2;"1,91844075"
1997;"United Kingdom";227;"3,91379310";"0,00000000";0;0;"0,00000000"
1998;"Belgium";122;"2,10344828";"5,00000000";5;5;"0,85520079"
1998;"Croatia";131;"2,25862069";"4,00000000";4;4;"0,70126465"
1998;"Cyprus";37;"0,63793103";"10,00000000";10;10;"2,30904213"
1998;"Estonia";36;"0,62068966";"11,50000000";11;11;"2,32614615"
1998;"Finland";22;"0,37931034";"14,00000000";14;13;"2,56560237"
1998;"France";3;"0,05172414";"23,00000000";23;22;"2,89057867"
1998;"Germany";86;"1,48275862";"6,00000000";6;6;"1,47094536"
1998;"Greece";12;"0,20689655";"19,00000000";19;18;"2,73664253"
1998;"Hungary";4;"0,06896552";"22,00000000";22;21;"2,87347465"
1998;"Ireland";64;"1,10344828";"8,00000000";8;8;"1,84723371"
1998;"Israel";172;"2,96551724";"0,00000000";0;0;"0,00000000"
1998;"Malta";165;"2,84482759";"2,00000000";2;2;"0,11972811"
1998;"Netherlands";150;"2,58620690";"3,00000000";3;3;"0,37628835"
1998;"North Macedonia";16;"0,27586207";"18,00000000";18;17;"2,66822646"
1998;"Norway";79;"1,36206897";"7,00000000";7;7;"1,59067347"
1998;"Poland";19;"0,32758621";"16,00000000";16;15;"2,61691442"
1998;"Portugal";36;"0,62068966";"11,50000000";11;11;"2,32614615"
1998;"Romania";6;"0,10344828";"21,00000000";21;20;"2,83926662"
1998;"Slovakia";8;"0,13793103";"20,00000000";20;19;"2,80505859"
1998;"Slovenia";17;"0,29310345";"17,00000000";17;16;"2,65112245"
1998;"Spain";21;"0,36206897";"15,00000000";15;14;"2,58270638"
1998;"Sweden";53;"0,91379310";"9,00000000";9;9;"2,03537788"
1998;"Switzerland";0;"0,00000000";"24,00000000";24;23;"2,94189072"
1998;"Turkey";25;"0,43103448";"13,00000000";13;12;"2,51429032"
1998;"United Kingdom";166;"2,86206897";"1,00000000";1;1;"0,10262409"
1999;"Austria";65;"1,12068966";"9,00000000";9;8;"2,02170296"
1999;"Belgium";38;"0,65517241";"11,50000000";11;10;"2,57870275"
1999;"Bosnia and Herzegovina";86;"1,48275862";"6,00000000";6;6;"1,58848090"
1999;"Croatia";118;"2,03448276";"3,00000000";3;3;"0,92833299"
1999;"Cyprus";2;"0,03448276";"21,00000000";21;19;"3,32136915"
1999;"Denmark";71;"1,22413793";"7,50000000";7;7;"1,89792523"
1999;"Estonia";90;"1,55172414";"5,00000000";5;5;"1,50596241"
1999;"France";14;"0,24137931";"18,00000000";18;16;"3,07381368"
1999;"Germany";140;"2,41379310";"2,00000000";2;2;"0,47448131"
1999;"Iceland";146;"2,51724138";"1,00000000";1;1;"0,35070357"
1999;"Ireland";18;"0,31034483";"16,00000000";16;14;"2,99129520"
1999;"Israel";93;"1,60344828";"4,00000000";4;4;"1,44407354"
1999;"Lithuania";13;"0,22413793";"19,00000000";19;17;"3,09444331"
1999;"Malta";32;"0,55172414";"14,00000000";14;12;"2,70248049"
1999;"Netherlands";71;"1,22413793";"7,50000000";7;7;"1,89792523"
1999;"Norway";35;"0,60344828";"13,00000000";13;11;"2,64059162"
1999;"Poland";17;"0,29310345";"17,00000000";17;15;"3,01192482"
1999;"Portugal";12;"0,20689655";"20,00000000";20;18;"3,11507293"
1999;"Slovenia";50;"0,86206897";"10,00000000";10;9;"2,33114729"
1999;"Spain";1;"0,01724138";"22,00000000";22;20;"3,34199877"
1999;"Sweden";163;"2,81034483";"0,00000000";0;0;"0,00000000"
1999;"Turkey";21;"0,36206897";"15,00000000";15;13;"2,92940633"
1999;"United Kingdom";38;"0,65517241";"11,50000000";11;10;"2,57870275"
2000;"Austria";34;"0,58620690";"13,00000000";13;13;"3,15710024"
2000;"Belgium";2;"0,03448276";"23,00000000";23;22;"3,78459842"
2000;"Croatia";70;"1,20689655";"8,00000000";8;8;"2,45116478"
2000;"Cyprus";8;"0,13793103";"20,00000000";20;19;"3,66694251"
2000;"Denmark";195;"3,36206897";"0,00000000";0;0;"0,00000000"
2000;"Estonia";98;"1,68965517";"3,00000000";3;3;"1,90210387"
2000;"Finland";18;"0,31034483";"17,50000000";17;17;"3,47084933"
2000;"France";5;"0,08620690";"22,00000000";22;21;"3,72577047"
2000;"Germany";96;"1,65517241";"4,00000000";4;4;"1,94132251"
2000;"Iceland";45;"0,77586207";"11,00000000";11;11;"2,94139774"
2000;"Ireland";92;"1,58620690";"5,00000000";5;5;"2,01975978"
2000;"Israel";7;"0,12068966";"21,00000000";21;20;"3,68655183"
2000;"Latvia";136;"2,34482759";"2,00000000";2;2;"1,15694978"
2000;"Malta";73;"1,25862069";"7,00000000";7;7;"2,39233683"
2000;"Netherlands";40;"0,68965517";"12,00000000";12;12;"3,03944433"
2000;"North Macedonia";29;"0,50000000";"14,00000000";14;14;"3,25514683"
2000;"Norway";57;"0,98275862";"10,00000000";10;10;"2,70608592"
2000;"Romania";25;"0,43103448";"16,00000000";16;16;"3,33358410"
2000;"Russia";155;"2,67241379";"1,00000000";1;1;"0,78437273"
2000;"Spain";18;"0,31034483";"17,50000000";17;17;"3,47084933"
2000;"Sweden";88;"1,51724138";"6,00000000";6;6;"2,09819705"
2000;"Switzerland";14;"0,24137931";"19,00000000";19;18;"3,54928660"
2000;"Turkey";59;"1,01724138";"9,00000000";9;9;"2,66686728"
2000;"United Kingdom";28;"0,48275862";"15,00000000";15;15;"3,27475615"
2001;"Bosnia and Herzegovina";29;"0,50000000";"13,00000000";13;13;"2,96300604"
2001;"Croatia";42;"0,72413793";"9,00000000";9;9;"2,73508250"
2001;"Denmark";177;"3,05172414";"1,00000000";1;1;"0,36818418"
2001;"Estonia";198;"3,41379310";"0,00000000";0;0;"0,00000000"
2001;"France";142;"2,44827586";"3,00000000";3;3;"0,98182449"
2001;"Germany";66;"1,13793103";"7,00000000";7;7;"2,31430057"
2001;"Greece";147;"2,53448276";"2,00000000";2;2;"0,89416159"
2001;"Iceland";3;"0,05172414";"21,50000000";21;20;"3,41885312"
2001;"Ireland";6;"0,10344828";"20,00000000";20;19;"3,36625538"
2001;"Israel";25;"0,43103448";"15,00000000";15;15;"3,03313636"
2001;"Latvia";16;"0,27586207";"17,50000000";17;17;"3,19092958"
2001;"Lithuania";35;"0,60344828";"12,00000000";12;12;"2,85781056"
2001;"Malta";48;"0,82758621";"8,00000000";8;8;"2,62988702"
2001;"Netherlands";16;"0,27586207";"17,50000000";17;17;"3,19092958"
2001;"Norway";3;"0,05172414";"21,50000000";21;20;"3,41885312"
2001;"Poland";11;"0,18965517";"19,00000000";19;18;"3,27859248"
2001;"Portugal";18;"0,31034483";"16,00000000";16;16;"3,15586442"
2001;"Russia";37;"0,63793103";"11,00000000";11;11;"2,82274540"
2001;"Slovenia";70;"1,20689655";"6,00000000";6;6;"2,24417025"
2001;"Spain";76;"1,31034483";"5,00000000";5;5;"2,13897477"
2001;"Sweden";100;"1,72413793";"4,00000000";4;4;"1,71819285"
2001;"Turkey";41;"0,70689655";"10,00000000";10;10;"2,75261508"
2001;"United Kingdom";28;"0,48275862";"14,00000000";14;14;"2,98053862"
2002;"Austria";26;"0,44827586";"17,00000000";17;14;"3,20574936"
2002;"Belgium";33;"0,56896552";"13,00000000";12;11;"3,05614773"
2002;"Bosnia and Herzegovina";33;"0,56896552";"13,00000000";12;11;"3,05614773"
2002;"Croatia";44;"0,75862069";"10,00000000";10;9;"2,82105944"
2002;"Cyprus";85;"1,46551724";"5,00000000";5;4;"1,94482128"
2002;"Denmark";7;"0,12068966";"23,00000000";23;20;"3,61181095"
2002;"Estonia";111;"1,91379310";"2,50000000";2;2;"1,38915806"
2002;"Finland";24;"0,41379310";"19,00000000";19;16;"3,24849269"
2002;"France";104;"1,79310345";"4,00000000";4;3;"1,53875969"
2002;"Germany";17;"0,29310345";"20,00000000";20;17;"3,39809432"
2002;"Greece";27;"0,46551724";"16,00000000";16;13;"3,18437770"
2002;"Israel";37;"0,63793103";"11,00000000";11;10;"2,97066108"
2002;"Latvia";176;"3,03448276";"0,00000000";0;0;"0,00000000"
2002;"Lithuania";12;"0,20689655";"22,00000000";22;19;"3,50495264"
2002;"Malta";164;"2,82758621";"1,00000000";1;1;"0,25645995"
2002;"North Macedonia";25;"0,43103448";"18,00000000";18;15;"3,22712103"
2002;"Romania";71;"1,22413793";"8,00000000";8;7;"2,24402455"
2002;"Russia";55;"0,94827586";"9,00000000";9;8;"2,58597115"
2002;"Slovenia";33;"0,56896552";"13,00000000";12;11;"3,05614773"
2002;"Spain";81;"1,39655172";"6,00000000";6;5;"2,03030793"
2002;"Sweden";72;"1,24137931";"7,00000000";7;6;"2,22265289"
2002;"Switzerland";15;"0,25862069";"21,00000000";21;18;"3,44083765"
2002;"Turkey";29;"0,50000000";"15,00000000";15;12;"3,14163438"
2002;"United Kingdom";111;"1,91379310";"2,50000000";2;2;"1,38915806"
2003;"Austria";101;"1,74137931";"5,00000000";5;5;"1,24778197"
2003;"Belgium";165;"2,84482759";"1,00000000";1;1;"0,03781157"
2003;"Bosnia and Herzegovina";27;"0,46551724";"15,00000000";15;13;"2,64681025"
2003;"Croatia";29;"0,50000000";"14,00000000";14;12;"2,60899867"
2003;"Cyprus";15;"0,25862069";"19,00000000";19;17;"2,87367970"
2003;"Estonia";14;"0,24137931";"20,00000000";20;18;"2,89258548"
2003;"France";19;"0,32758621";"17,00000000";17;15;"2,79805655"
2003;"Germany";53;"0,91379310";"10,50000000";10;9;"2,15525977"
2003;"Greece";25;"0,43103448";"16,00000000";16;14;"2,68462182"
2003;"Iceland";81;"1,39655172";"7,50000000";7;7;"1,62589772"
2003;"Ireland";53;"0,91379310";"10,50000000";10;9;"2,15525977"
2003;"Israel";17;"0,29310345";"18,00000000";18;16;"2,83586812"
2003;"Latvia";5;"0,08620690";"23,00000000";23;21;"3,06273757"
2003;"Malta";4;"0,06896552";"24,00000000";24;22;"3,08164336"
2003;"Netherlands";45;"0,77586207";"12,00000000";12;10;"2,30650607"
2003;"Norway";123;"2,12068966";"3,00000000";3;3;"0,83185465"
2003;"Poland";90;"1,55172414";"6,00000000";6;6;"1,45574564"
2003;"Portugal";13;"0,22413793";"21,00000000";21;19;"2,91149127"
2003;"Romania";73;"1,25862069";"9,00000000";9;8;"1,77714402"
2003;"Russia";164;"2,82758621";"2,00000000";2;2;"0,05671736"
2003;"Slovenia";7;"0,12068966";"22,00000000";22;20;"3,02492600"
2003;"Spain";81;"1,39655172";"7,50000000";7;7;"1,62589772"
2003;"Sweden";107;"1,84482759";"4,00000000";4;4;"1,13434725"
2003;"Turkey";167;"2,87931034";"0,00000000";0;0;"0,00000000"
2003;"Ukraine";30;"0,51724138";"13,00000000";13;11;"2,59009288"
2003;"United Kingdom";0;"0,00000000";"25,00000000";25;23;"3,15726651"
2004;"Albania";106;"1,21839080";"6,00000000";6;5;"1,98496619"
2004;"Austria";9;"0,10344828";"20,00000000";20;18;"3,09152779"
2004;"Belgium";7;"0,08045977";"21,50000000";21;19;"3,11434350"
2004;"Bosnia and Herzegovina";91;"1,04597701";"8,00000000";8;7;"2,15608396"
2004;"Croatia";50;"0,57471264";"11,50000000";11;10;"2,62380588"
2004;"Cyprus";170;"1,95402299";"4,50000000";4;4;"1,25486368"
2004;"France";40;"0,45977011";"14,00000000";14;12;"2,73788439"
2004;"Germany";93;"1,06896552";"7,00000000";7;6;"2,13326826"
2004;"Greece";252;"2,89655172";"2,00000000";2;2;"0,31941985"
2004;"Iceland";16;"0,18390805";"18,00000000";18;16;"3,01167283"
2004;"Ireland";7;"0,08045977";"21,50000000";21;19;"3,11434350"
2004;"Malta";50;"0,57471264";"11,50000000";11;10;"2,62380588"
2004;"Netherlands";11;"0,12643678";"19,00000000";19;17;"3,06871209"
2004;"North Macedonia";47;"0,54022989";"13,00000000";13;11;"2,65802943"
2004;"Norway";3;"0,03448276";"23,00000000";23;20;"3,15997490"
2004;"Poland";27;"0,31034483";"16,00000000";16;14;"2,88618647"
2004;"Romania";18;"0,20689655";"17,00000000";17;15;"2,98885713"
2004;"Russia";67;"0,77011494";"10,00000000";10;9;"2,42987240"
2004;"Serbia";263;"3,02298851";"1,00000000";1;1;"0,19393348"
2004;"Spain";87;"1,00000000";"9,00000000";9;8;"2,20171537"
2004;"Sweden";170;"1,95402299";"4,50000000";4;4;"1,25486368"
2004;"Turkey";195;"2,24137931";"3,00000000";3;3;"0,96966739"
2004;"Ukraine";280;"3,21839080";"0,00000000";0;0;"0,00000000"
2004;"United Kingdom";29;"0,33333333";"15,00000000";15;13;"2,86337076"
2005;"Albania";53;"0,56233422";"15,00000000";15;14;"2,85780595"
2005;"Bosnia and Herzegovina";79;"0,83819629";"13,00000000";13;12;"2,43801525"
2005;"Croatia";115;"1,22015915";"10,00000000";10;9;"1,85676658"
2005;"Cyprus";46;"0,48806366";"17,00000000";17;16;"2,97082653"
2005;"Denmark";125;"1,32625995";"8,50000000";8;8;"1,69530862"
2005;"France";11;"0,11671088";"22,00000000";22;20;"3,53592940"
2005;"Germany";4;"0,04244032";"23,00000000";23;21;"3,64894997"
2005;"Greece";230;"2,44031830";"0,00000000";0;0;"0,00000000"
2005;"Hungary";97;"1,02917772";"11,00000000";11;10;"2,14739091"
2005;"Israel";154;"1,63395225";"3,00000000";3;3;"1,22708052"
2005;"Latvia";153;"1,62334218";"4,00000000";4;4;"1,24322632"
2005;"Malta";192;"2,03713528";"1,00000000";1;1;"0,61354026"
2005;"Moldova";148;"1,57029178";"5,00000000";5;5;"1,32395530"
2005;"Montenegro";137;"1,45358090";"6,00000000";6;6;"1,50155906"
2005;"North Macedonia";52;"0,55172414";"16,00000000";16;15;"2,87395175"
2005;"Norway";125;"1,32625995";"8,50000000";8;8;"1,69530862"
2005;"Romania";158;"1,67639257";"2,00000000";2;2;"1,16249734"
2005;"Russia";57;"0,60477454";"14,00000000";14;13;"2,79322277"
2005;"Spain";28;"0,29708223";"20,00000000";20;18;"3,26145086"
2005;"Sweden";30;"0,31830239";"18,50000000";18;17;"3,22915927"
2005;"Switzerland";128;"1,35809019";"7,00000000";7;7;"1,64687123"
2005;"Turkey";92;"0,97612732";"12,00000000";12;11;"2,22811990"
2005;"Ukraine";30;"0,31830239";"18,50000000";18;17;"3,22915927"
2005;"United Kingdom";18;"0,19098143";"21,00000000";21;19;"3,42290882"
2006;"Armenia";129;"1,40471869";"7,00000000";7;7;"1,92253360"
2006;"Bosnia and Herzegovina";229;"2,49364791";"2,00000000";2;2;"0,74306513"
2006;"Croatia";56;"0,60980036";"11,50000000";11;11;"2,78354558"
2006;"Denmark";26;"0,28312160";"17,00000000";17;14;"3,13738612"
2006;"Finland";292;"3,17967332";"0,00000000";0;0;"0,00000000"
2006;"France";5;"0,05444646";"21,00000000";21;18;"3,38507450"
2006;"Germany";36;"0,39201452";"13,50000000";13;12;"3,01943927"
2006;"Greece";128;"1,39382940";"8,00000000";8;8;"1,93432828"
2006;"Ireland";93;"1,01270417";"9,00000000";9;9;"2,34714225"
2006;"Israel";4;"0,04355717";"22,00000000";22;19;"3,39686918"
2006;"Latvia";30;"0,32667877";"15,50000000";15;13;"3,09020738"
2006;"Lithuania";162;"1,76406534";"5,00000000";5;5;"1,53330900"
2006;"Malta";1;"0,01088929";"23,00000000";23;20;"3,43225323"
2006;"Moldova";22;"0,23956443";"19,00000000";19;16;"3,18456486"
2006;"North Macedonia";56;"0,60980036";"11,50000000";11;11;"2,78354558"
2006;"Norway";36;"0,39201452";"13,50000000";13;12;"3,01943927"
2006;"Romania";172;"1,87295826";"3,00000000";3;3;"1,41536216"
2006;"Russia";248;"2,70054446";"1,00000000";1;1;"0,51896612"
2006;"Spain";18;"0,19600726";"20,00000000";20;17;"3,23174359"
2006;"Sweden";170;"1,85117967";"4,00000000";4;4;"1,43895153"
2006;"Switzerland";30;"0,32667877";"15,50000000";15;13;"3,09020738"
2006;"Turkey";91;"0,99092559";"10,00000000";10;10;"2,37073162"
2006;"Ukraine";145;"1,57894737";"6,00000000";6;6;"1,73381864"
2006;"United Kingdom";25;"0,27223230";"18,00000000";18;15;"3,14918080"
2007;"Armenia";138;"1,35960591";"7,00000000";7;7;"1,85459393"
2007;"Belarus";145;"1,42857143";"5,00000000";5;5;"1,75473118"
2007;"Bosnia and Herzegovina";106;"1,04433498";"10,00000000";10;10;"2,31110935"
2007;"Bulgaria";157;"1,54679803";"4,00000000";4;4;"1,58353789"
2007;"Finland";53;"0,52216749";"16,00000000";16;16;"3,06721303"
2007;"France";19;"0,18719212";"21,50000000";21;21;"3,55226067"
2007;"Georgia";97;"0,95566502";"11,00000000";11;11;"2,43950432"
2007;"Germany";49;"0,48275862";"18,00000000";18;18;"3,12427746"
2007;"Greece";139;"1,36945813";"6,00000000";6;6;"1,84032782"
2007;"Hungary";128;"1,26108374";"8,00000000";8;8;"1,99725500"
2007;"Ireland";5;"0,04926108";"23,00000000";23;22;"3,75198617"
2007;"Latvia";54;"0,53201970";"15,00000000";15;15;"3,05294692"
2007;"Lithuania";28;"0,27586207";"20,00000000";20;20;"3,42386571"
2007;"Moldova";109;"1,07389163";"9,00000000";9;9;"2,26831103"
2007;"North Macedonia";73;"0,71921182";"13,00000000";13;13;"2,78189089"
2007;"Romania";84;"0,82758621";"12,00000000";12;12;"2,62496371"
2007;"Russia";207;"2,03940887";"2,00000000";2;2;"0,87023253"
2007;"Serbia";268;"2,64039409";"0,00000000";0;0;"0,00000000"
2007;"Slovenia";66;"0,65024631";"14,00000000";14;14;"2,88175364"
2007;"Spain";43;"0,42364532";"19,00000000";19;19;"3,20987410"
2007;"Sweden";51;"0,50246305";"17,00000000";17;17;"3,09574524"
2007;"Turkey";163;"1,60591133";"3,00000000";3;3;"1,49794125"
2007;"Ukraine";235;"2,31527094";"1,00000000";1;1;"0,47078153"
2007;"United Kingdom";19;"0,18719212";"21,50000000";21;21;"3,55226067"
2008;"Albania";55;"0,55132318";"15,50000000";15;14;"2,94445941"
2008;"Armenia";199;"1,99478749";"3,00000000";3;3;"0,99053243"
2008;"Azerbaijan";132;"1,32317562";"7,00000000";7;7;"1,89965123"
2008;"Bosnia and Herzegovina";110;"1,10264635";"9,00000000";9;9;"2,19816786"
2008;"Croatia";44;"0,44105854";"20,00000000";20;17;"3,09371772"
2008;"Denmark";60;"0,60144346";"14,00000000";14;13;"2,87661473"
2008;"Finland";35;"0,35084202";"21,00000000";21;18;"3,21583816"
2008;"France";47;"0,47113071";"17,50000000";17;15;"3,05301091"
2008;"Georgia";83;"0,83199679";"10,50000000";10;10;"2,56452917"
2008;"Germany";14;"0,14033681";"23,00000000";22;19;"3,50078585"
2008;"Greece";218;"2,18524459";"2,00000000";2;2;"0,73272262"
2008;"Iceland";64;"0,64153970";"13,00000000";13;12;"2,82233898"
2008;"Israel";124;"1,24298316";"8,00000000";8;8;"2,00820273"
2008;"Latvia";83;"0,83199679";"10,50000000";10;10;"2,56452917"
2008;"Norway";182;"1,82437851";"4,00000000";4;4;"1,22120436"
2008;"Poland";14;"0,14033681";"23,00000000";22;19;"3,50078585"
2008;"Portugal";69;"0,69165998";"12,00000000";12;11;"2,75449429"
2008;"Romania";45;"0,45108260";"19,00000000";19;16;"3,08014879"
2008;"Russia";272;"2,72654370";"0,00000000";0;0;"0,00000000"
2008;"Serbia";160;"1,60384924";"5,00000000";5;5;"1,51972099"
2008;"Spain";55;"0,55132318";"15,50000000";15;14;"2,94445941"
2008;"Sweden";47;"0,47113071";"17,50000000";17;15;"3,05301091"
2008;"Turkey";138;"1,38331997";"6,00000000";6;6;"1,81823761"
2008;"Ukraine";230;"2,30553328";"1,00000000";1;1;"0,56989537"
2008;"United Kingdom";14;"0,14033681";"23,00000000";22;19;"3,50078585"
2009;"Albania";48;"0,49261084";"16,00000000";16;16;"4,05999961"
2009;"Armenia";92;"0,94417077";"9,00000000";9;9;"3,53303801"
2009;"Azerbaijan";207;"2,12438424";"2,00000000";2;2;"2,15575201"
2009;"Bosnia and Herzegovina";106;"1,08784893";"8,00000000";8;8;"3,36536841"
2009;"Croatia";45;"0,46182266";"17,00000000";17;17;"4,09592881"
2009;"Denmark";74;"0,75944171";"12,00000000";12;12;"3,74861321"
2009;"Estonia";129;"1,32389163";"5,00000000";5;5;"3,08991121"
2009;"Finland";22;"0,22577997";"24,00000000";24;23;"4,37138602"
2009;"France";107;"1,09811166";"7,00000000";7;7;"3,35339201"
2009;"Germany";35;"0,35919540";"19,00000000";19;19;"4,21569282"
2009;"Greece";120;"1,23152709";"6,00000000";6;6;"3,19769881"
2009;"Iceland";218;"2,23727422";"1,00000000";1;1;"2,02401161"
2009;"Israel";53;"0,54392447";"15,00000000";15;15;"4,00011761"
2009;"Lithuania";23;"0,23604269";"22,50000000";22;22;"4,35940962"
2009;"Malta";31;"0,31814450";"21,00000000";21;21;"4,26359842"
2009;"Moldova";69;"0,70812808";"13,00000000";13;13;"3,80849521"
2009;"Norway";387;"3,97167488";"0,00000000";0;0;"0,00000000"
2009;"Portugal";57;"0,58497537";"14,00000000";14;14;"3,95221201"
2009;"Romania";40;"0,41050903";"18,00000000";18;18;"4,15581081"
2009;"Russia";91;"0,93390805";"10,00000000";10;10;"3,54501441"
2009;"Spain";23;"0,23604269";"22,50000000";22;22;"4,35940962"
2009;"Sweden";33;"0,33866995";"20,00000000";20;20;"4,23964562"
2009;"Turkey";177;"1,81650246";"3,00000000";3;3;"2,51504401"
2009;"Ukraine";76;"0,77996716";"11,00000000";11;11;"3,72466041"
2009;"United Kingdom";173;"1,77545156";"4,00000000";4;4;"2,56294961"
2010;"Albania";62;"0,68523431";"15,00000000";15;15;"3,04402219"
2010;"Armenia";141;"1,55835544";"6,00000000";6;6;"1,73707788"
2010;"Azerbaijan";145;"1,60256410";"4,00000000";4;4;"1,67090349"
2010;"Belarus";18;"0,19893899";"23,00000000";23;22;"3,77194054"
2010;"Belgium";143;"1,58045977";"5,00000000";5;5;"1,70399068"
2010;"Bosnia and Herzegovina";51;"0,56366048";"16,00000000";16;16;"3,22600178"
2010;"Cyprus";27;"0,29840849";"20,50000000";20;20;"3,62304815"
2010;"Denmark";149;"1,64677277";"3,00000000";3;3;"1,60472909"
2010;"France";82;"0,90627763";"11,00000000";11;11;"2,71315022"
2010;"Georgia";136;"1,50309461";"8,00000000";8;8;"1,81979588"
2010;"Germany";246;"2,71883289";"0,00000000";0;0;"0,00000000"
2010;"Greece";140;"1,54730327";"7,00000000";7;7;"1,75362148"
2010;"Iceland";41;"0,45313882";"18,00000000";18;18;"3,39143777"
2010;"Ireland";25;"0,27630416";"22,00000000";22;21;"3,65613535"
2010;"Israel";71;"0,78470380";"13,00000000";13;13;"2,89512980"
2010;"Moldova";27;"0,29840849";"20,50000000";20;20;"3,62304815"
2010;"Norway";35;"0,38682582";"19,00000000";19;19;"3,49069936"
2010;"Portugal";43;"0,47524315";"17,00000000";17;17;"3,35835057"
2010;"Romania";162;"1,79045093";"2,00000000";2;2;"1,38966231"
2010;"Russia";90;"0,99469496";"10,00000000";10;10;"2,58080143"
2010;"Serbia";72;"0,79575597";"12,00000000";12;12;"2,87858620"
2010;"Spain";68;"0,75154730";"14,00000000";14;14;"2,94476060"
2010;"Turkey";170;"1,87886826";"1,00000000";1;1;"1,25731351"
2010;"Ukraine";108;"1,19363395";"9,00000000";9;9;"2,28301665"
2010;"United Kingdom";10;"0,11052166";"24,00000000";24;23;"3,90428934"
2011;"Austria";64;"0,64153970";"17,00000000";17;16;"3,19283807"
2011;"Azerbaijan";221;"2,21531676";"0,00000000";0;0;"0,00000000"
2011;"Bosnia and Herzegovina";125;"1,25300722";"5,00000000";5;5;"1,95230863"
2011;"Denmark";134;"1,34322374";"4,00000000";4;4;"1,76927969"
2011;"Estonia";44;"0,44105854";"23,00000000";23;22;"3,59956903"
2011;"Finland";57;"0,57137129";"20,00000000";20;19;"3,33519390"
2011;"France";82;"0,82197273";"14,00000000";14;14;"2,82678020"
2011;"Georgia";110;"1,10264635";"8,00000000";8;8;"2,25735685"
2011;"Germany";107;"1,07257418";"9,00000000";9;9;"2,31836649"
2011;"Greece";120;"1,20288693";"6,00000000";6;6;"2,05399137"
2011;"Hungary";53;"0,53127506";"21,00000000";21;20;"3,41654010"
2011;"Iceland";61;"0,61146752";"19,00000000";19;18;"3,25384771"
2011;"Ireland";119;"1,19286287";"7,00000000";7;7;"2,07432791"
2011;"Italy";189;"1,89454691";"1,00000000";1;1;"0,65076954"
2011;"Lithuania";63;"0,63151564";"18,00000000";18;17;"3,21317461"
2011;"Moldova";97;"0,97233360";"11,00000000";11;11;"2,52173198"
2011;"Romania";77;"0,77185245";"15,50000000";15;15;"2,92846294"
2011;"Russia";77;"0,77185245";"15,50000000";15;15;"2,92846294"
2011;"Serbia";85;"0,85204491";"13,00000000";13;13;"2,76577055"
2011;"Slovenia";96;"0,96230954";"12,00000000";12;12;"2,54206852"
2011;"Spain";50;"0,50120289";"22,00000000";22;21;"3,47754974"
2011;"Sweden";185;"1,85445068";"2,00000000";2;2;"0,73211573"
2011;"Switzerland";19;"0,19045710";"24,00000000";24;23;"4,10798273"
2011;"Ukraine";159;"1,59382518";"3,00000000";3;3;"1,26086599"
2011;"United Kingdom";100;"1,00240577";"10,00000000";10;10;"2,46072233"
2012;"Albania";146;"1,55829228";"4,00000000";4;4;"2,74097877"
2012;"Azerbaijan";150;"1,60098522";"3,00000000";3;3;"2,69246587"
2012;"Bosnia and Herzegovina";55;"0,58702791";"17,00000000";17;15;"3,84464721"
2012;"Cyprus";65;"0,69376026";"14,50000000";14;13;"3,72336497"
2012;"Denmark";21;"0,22413793";"21,50000000";21;18;"4,25700685"
2012;"Estonia";120;"1,28078818";"5,00000000";5;5;"3,05631261"
2012;"France";21;"0,22413793";"21,50000000";21;18;"4,25700685"
2012;"Germany";110;"1,17405583";"7,00000000";7;7;"3,17759486"
2012;"Greece";64;"0,68308703";"16,00000000";16;14;"3,73549319"
2012;"Hungary";19;"0,20279146";"23,00000000";23;19;"4,28126330"
2012;"Iceland";46;"0,49096880";"18,50000000";18;16;"3,95380124"
2012;"Ireland";46;"0,49096880";"18,50000000";18;16;"3,95380124"
2012;"Italy";101;"1,07799672";"8,00000000";8;8;"3,28674888"
2012;"Lithuania";70;"0,74712644";"13,00000000";13;12;"3,66272384"
2012;"Malta";41;"0,43760263";"20,00000000";20;17;"4,01444236"
2012;"Moldova";81;"0,86453202";"10,00000000";10;10;"3,52931337"
2012;"North Macedonia";71;"0,75779967";"11,50000000";11;11;"3,65059562"
2012;"Norway";7;"0,07471264";"25,00000000";25;21;"4,42680200"
2012;"Romania";71;"0,75779967";"11,50000000";11;11;"3,65059562"
2012;"Russia";259;"2,76436782";"1,00000000";1;1;"1,37048939"
2012;"Serbia";214;"2,28407225";"2,00000000";2;2;"1,91625949"
2012;"Spain";97;"1,03530378";"9,00000000";9;9;"3,33526178"
2012;"Sweden";372;"3,97044335";"0,00000000";0;0;"0,00000000"
2012;"Turkey";112;"1,19540230";"6,00000000";6;6;"3,15333841"
2012;"Ukraine";65;"0,69376026";"14,50000000";14;13;"3,72336497"
2012;"United Kingdom";12;"0,12807882";"24,00000000";24;20;"4,36616087"
2013;"Armenia";41;"0,47126437";"17,00000000";17;16;"3,08087545"
2013;"Azerbaijan";234;"2,68965517";"1,00000000";1;1;"0,60333811"
2013;"Belarus";48;"0,55172414";"15,00000000";15;14;"2,99101659"
2013;"Belgium";71;"0,81609195";"10,50000000";10;10;"2,69576602"
2013;"Denmark";281;"3,22988506";"0,00000000";0;0;"0,00000000"
2013;"Estonia";19;"0,21839080";"19,00000000";19;18;"3,36328904"
2013;"Finland";13;"0,14942529";"23,00000000";23;22;"3,44031092"
2013;"France";14;"0,16091954";"22,00000000";22;21;"3,42747394"
2013;"Georgia";50;"0,57471264";"14,00000000";14;13;"2,96534262"
2013;"Germany";18;"0,20689655";"20,00000000";20;19;"3,37612602"
2013;"Greece";152;"1,74712644";"5,00000000";5;5;"1,65597056"
2013;"Hungary";84;"0,96551724";"9,00000000";9;9;"2,52888527"
2013;"Iceland";47;"0,54022989";"16,00000000";16;15;"3,00385357"
2013;"Ireland";5;"0,05747126";"25,00000000";25;24;"3,54300677"
2013;"Italy";126;"1,44827586";"6,00000000";6;6;"1,98973206"
2013;"Lithuania";17;"0,19540230";"21,00000000";21;20;"3,38896300"
2013;"Malta";120;"1,37931034";"7,00000000";7;7;"2,06675395"
2013;"Moldova";71;"0,81609195";"10,50000000";10;10;"2,69576602"
2013;"Netherlands";114;"1,31034483";"8,00000000";8;8;"2,14377584"
2013;"Norway";191;"2,19540230";"3,00000000";3;3;"1,15532829"
2013;"Romania";65;"0,74712644";"12,00000000";12;11;"2,77278791"
2013;"Russia";174;"2,00000000";"4,00000000";4;4;"1,37355697"
2013;"Spain";8;"0,09195402";"24,00000000";24;23;"3,50449583"
2013;"Sweden";62;"0,71264368";"13,00000000";13;12;"2,81129885"
2013;"Ukraine";214;"2,45977011";"2,00000000";2;2;"0,86007773"
2013;"United Kingdom";23;"0,26436782";"18,00000000";18;17;"3,31194111"
2014;"Armenia";174;"2,10810811";"3,00000000";3;3;"1,58461392"
2014;"Austria";290;"3,51351351";"0,00000000";0;0;"0,00000000"
2014;"Azerbaijan";33;"0,39981361";"20,50000000";20;18;"3,51073946"
2014;"Belarus";43;"0,52096925";"15,00000000";15;13;"3,37413481"
2014;"Denmark";74;"0,89655172";"8,50000000";8;8;"2,95066040"
2014;"Finland";72;"0,87232060";"10,50000000";10;9;"2,97798133"
2014;"France";2;"0,02423113";"25,00000000";25;22;"3,93421387"
2014;"Germany";39;"0,47250699";"17,00000000";17;15;"3,42877667"
2014;"Greece";35;"0,42404473";"19,00000000";19;17;"3,48341853"
2014;"Hungary";143;"1,73252563";"4,00000000";4;4;"2,00808833"
2014;"Iceland";58;"0,70270270";"14,00000000";14;12;"3,16922784"
2014;"Italy";33;"0,39981361";"20,50000000";20;18;"3,51073946"
2014;"Malta";32;"0,38769804";"22,00000000";22;19;"3,52439993"
2014;"Montenegro";37;"0,44827586";"18,00000000";18;16;"3,45609760"
2014;"Netherlands";238;"2,88350419";"1,00000000";1;1;"0,71034417"
2014;"Norway";88;"1,06616962";"7,00000000";7;7;"2,75941390"
2014;"Poland";62;"0,75116496";"13,00000000";13;11;"3,11458598"
2014;"Romania";72;"0,87232060";"10,50000000";10;9;"2,97798133"
2014;"Russia";89;"1,07828518";"6,00000000";6;6;"2,74575343"
2014;"San Marino";14;"0,16961789";"23,00000000";23;20;"3,77028829"
2014;"Slovenia";9;"0,10904007";"24,00000000";24;21;"3,83859062"
2014;"Spain";74;"0,89655172";"8,50000000";8;8;"2,95066040"
2014;"Sweden";218;"2,64119292";"2,00000000";2;2;"0,98355347"
2014;"Switzerland";64;"0,77539609";"12,00000000";12;10;"3,08726505"
2014;"Ukraine";113;"1,36905871";"5,00000000";5;5;"2,41790228"
2014;"United Kingdom";40;"0,48462255";"16,00000000";16;14;"3,41511621"
2015;"Albania";34;"0,39568966";"15,50000000";15;15;"3,19426598"
2015;"Armenia";34;"0,39568966";"15,50000000";15;15;"3,19426598"
2015;"Australia";196;"2,28103448";"4,00000000";4;4;"1,63090922"
2015;"Austria";0;"0,00000000";"25,50000000";25;24;"3,52237789"
2015;"Azerbaijan";49;"0,57025862";"11,00000000";11;11;"3,04951072"
2015;"Belgium";217;"2,52543103";"3,00000000";3;3;"1,42825186"
2015;"Cyprus";11;"0,12801724";"21,00000000";21;20;"3,41622404"
2015;"Estonia";106;"1,23362069";"6,00000000";6;6;"2,49944075"
2015;"France";4;"0,04655172";"24,00000000";24;23;"3,48377649"
2015;"Georgia";51;"0,59353448";"10,00000000";10;10;"3,03021002"
2015;"Germany";0;"0,00000000";"25,50000000";25;24;"3,52237789"
2015;"Greece";23;"0,26767241";"18,00000000";18;17;"3,30041983"
2015;"Hungary";19;"0,22112069";"19,00000000";19;18;"3,33902123"
2015;"Israel";97;"1,12887931";"8,00000000";8;8;"2,58629390"
2015;"Italy";292;"3,39827586";"2,00000000";2;2;"0,70447558"
2015;"Latvia";186;"2,16465517";"5,00000000";5;5;"1,72741272"
2015;"Lithuania";30;"0,34913793";"17,00000000";17;16;"3,23286738"
2015;"Montenegro";44;"0,51206897";"12,00000000";12;12;"3,09776247"
2015;"Norway";102;"1,18706897";"7,00000000";7;7;"2,53804215"
2015;"Poland";10;"0,11637931";"22,00000000";22;21;"3,42587439"
2015;"Romania";35;"0,40732759";"14,00000000";14;14;"3,18461563"
2015;"Russia";303;"3,52629310";"1,00000000";1;1;"0,59832172"
2015;"Serbia";53;"0,61681034";"9,00000000";9;9;"3,01090932"
2015;"Slovenia";39;"0,45387931";"13,00000000";13;13;"3,14601423"
2015;"Spain";15;"0,17456897";"20,00000000";20;19;"3,37762264"
2015;"Sweden";365;"4,24784483";"0,00000000";0;0;"0,00000000"
2015;"United Kingdom";5;"0,05818966";"23,00000000";23;22;"3,47412614"
2016;"Armenia";249;"1,32881773";"6,00000000";6;6;"2,04365376"
2016;"Australia";511;"2,72701149";"1,00000000";1;1;"0,16492644"
2016;"Austria";151;"0,80582923";"12,00000000";12;11;"2,74638382"
2016;"Azerbaijan";117;"0,62438424";"16,00000000";16;15;"2,99018813"
2016;"Belgium";181;"0,96592775";"9,00000000";9;9;"2,53126237"
2016;"Bulgaria";307;"1,63834154";"3,00000000";3;3;"1,62775229"
2016;"Croatia";73;"0,38957307";"22,00000000";22;21;"3,30569959"
2016;"Cyprus";96;"0,51231527";"20,00000000";20;19;"3,14077315"
2016;"Czechia";41;"0,21880131";"24,00000000";24;23;"3,53516247"
2016;"France";257;"1,37151067";"5,00000000";5;5;"1,98628804"
2016;"Georgia";104;"0,55500821";"19,00000000";19;18;"3,08340743"
2016;"Germany";11;"0,05870279";"25,00000000";25;24;"3,75028392"
2016;"Hungary";108;"0,57635468";"18,00000000";18;17;"3,05472457"
2016;"Israel";135;"0,72044335";"13,00000000";13;12;"2,86111526"
2016;"Italy";124;"0,66174056";"15,00000000";15;14;"2,93999313"
2016;"Latvia";132;"0,70443350";"14,00000000";14;13;"2,88262741"
2016;"Lithuania";200;"1,06732348";"8,00000000";8;8;"2,39501879"
2016;"Malta";153;"0,81650246";"10,50000000";10;10;"2,73204239"
2016;"Netherlands";153;"0,81650246";"10,50000000";10;10;"2,73204239"
2016;"Poland";229;"1,22208539";"7,00000000";7;7;"2,18706806"
2016;"Russia";491;"2,62027915";"2,00000000";2;2;"0,30834074"
2016;"Serbia";115;"0,61371100";"17,00000000";17;16;"3,00452956"
2016;"Spain";77;"0,41091954";"21,00000000";21;20;"3,27701673"
2016;"Sweden";261;"1,39285714";"4,00000000";4;4;"1,95760518"
2016;"Ukraine";534;"2,84975369";"0,00000000";0;0;"0,00000000"
2016;"United Kingdom";62;"0,33087028";"23,00000000";23;22;"3,38457745"
2017;"Armenia";79;"0,42159278";"17,00000000";17;17;"3,69355691"
2017;"Australia";173;"0,92323481";"8,00000000";8;8;"3,18222502"
2017;"Austria";93;"0,49630542";"15,00000000";15;15;"3,61740109"
2017;"Azerbaijan";120;"0,64039409";"13,00000000";13;13;"3,47052917"
2017;"Belarus";83;"0,44293924";"16,00000000";16;16;"3,67179810"
2017;"Belgium";363;"1,93719212";"3,00000000";3;3;"2,14868185"
2017;"Bulgaria";615;"3,28201970";"1,00000000";1;1;"0,77787723"
2017;"Croatia";128;"0,68308703";"12,00000000";12;12;"3,42701156"
2017;"Cyprus";68;"0,36288998";"20,00000000";20;19;"3,75339362"
2017;"Denmark";77;"0,41091954";"18,50000000";18;18;"3,70443631"
2017;"France";135;"0,72044335";"11,00000000";11;11;"3,38893366"
2017;"Germany";6;"0,03201970";"24,00000000";24;23;"4,09065507"
2017;"Greece";77;"0,41091954";"18,50000000";18;18;"3,70443631"
2017;"Hungary";200;"1,06732348";"7,00000000";7;7;"3,03535310"
2017;"Israel";39;"0,20812808";"22,00000000";22;21;"3,91114494"
2017;"Italy";334;"1,78243021";"5,00000000";5;5;"2,30643318"
2017;"Moldova";374;"1,99589491";"2,00000000";2;2;"2,08884514"
2017;"Netherlands";150;"0,80049261";"10,00000000";10;10;"3,30733814"
2017;"Norway";158;"0,84318555";"9,00000000";9;9;"3,26382053"
2017;"Poland";64;"0,34154351";"21,00000000";21;20;"3,77515242"
2017;"Portugal";758;"4,04515599";"0,00000000";0;0;"0,00000000"
2017;"Romania";282;"1,50492611";"6,00000000";6;6;"2,58929762"
2017;"Spain";5;"0,02668309";"25,00000000";25;24;"4,09609477"
2017;"Sweden";344;"1,83579639";"4,00000000";4;4;"2,25203617"
2017;"Ukraine";36;"0,19211823";"23,00000000";23;22;"3,92746404"
2017;"United Kingdom";111;"0,59236453";"14,00000000";14;14;"3,51948648"
2018;"Albania";184;"0,95910184";"10,00000000";10;10;"2,76537710"
2018;"Australia";99;"0,51603849";"19,00000000";19;19;"3,44670190"
2018;"Austria";342;"1,78267843";"2,00000000";2;2;"1,49891455"
2018;"Bulgaria";166;"0,86527666";"13,00000000";13;13;"2,90965765"
2018;"Cyprus";436;"2,27265437";"1,00000000";1;1;"0,74544948"
2018;"Czechia";281;"1,46471532";"5,00000000";5;5;"1,98786528"
2018;"Denmark";226;"1,17802727";"8,00000000";8;8;"2,42872250"
2018;"Estonia";245;"1,27706496";"7,00000000";7;7;"2,27642637"
2018;"Finland";46;"0,23977546";"24,00000000";24;24;"3,87152795"
2018;"France";173;"0,90176423";"12,00000000";12;12;"2,85354855"
2018;"Germany";340;"1,77225341";"3,00000000";3;3;"1,51494572"
2018;"Hungary";93;"0,48476343";"20,00000000";20;20;"3,49479541"
2018;"Ireland";136;"0,70890136";"15,00000000";15;15;"3,15012522"
2018;"Israel";529;"2,75741780";"0,00000000";0;0;"0,00000000"
2018;"Italy";308;"1,60545309";"4,00000000";4;4;"1,77144446"
2018;"Lithuania";181;"0,94346431";"11,00000000";11;11;"2,78942386"
2018;"Moldova";209;"1,08941460";"9,00000000";9;9;"2,56498746"
2018;"Netherlands";121;"0,63071371";"17,00000000";17;17;"3,27035901"
2018;"Norway";144;"0,75060144";"14,00000000";14;14;"3,08600054"
2018;"Portugal";39;"0,20328789";"25,00000000";25;25;"3,92763705"
2018;"Serbia";113;"0,58901363";"18,00000000";18;18;"3,33448370"
2018;"Slovenia";64;"0,33360064";"21,00000000";21;21;"3,72724740"
2018;"Spain";61;"0,31796311";"22,00000000";22;22;"3,75129416"
2018;"Sweden";274;"1,42822775";"6,00000000";6;6;"2,04397438"
2018;"Ukraine";130;"0,67762630";"16,00000000";16;16;"3,19821874"
2018;"United Kingdom";48;"0,25020048";"23,00000000";23;23;"3,85549677"
2019;"Albania";90;"0,49201009";"16,00000000";16;15;"2,79305903"
2019;"Australia";284;"1,55256518";"8,00000000";8;8;"1,46498684"
2019;"Azerbaijan";302;"1,65096720";"7,00000000";7;7;"1,34176365"
2019;"Belarus";31;"0,16947014";"23,00000000";23;22;"3,19695727"
2019;"Cyprus";109;"0,59587889";"12,00000000";12;12;"2,66299010"
2019;"Czechia";157;"0,85828427";"10,00000000";10;10;"2,33439492"
2019;"Denmark";120;"0,65601346";"11,00000000";11;11;"2,58768704"
2019;"Estonia";76;"0,41547519";"19,00000000";19;18;"2,88889929"
2019;"France";105;"0,57401177";"14,50000000";14;14;"2,69037303"
2019;"Germany";24;"0,13120269";"24,00000000";24;23;"3,24487740"
2019;"Greece";74;"0,40454163";"20,00000000";20;19;"2,90259075"
2019;"Iceland";232;"1,26829268";"9,00000000";9;9;"1,82096495"
2019;"Israel";35;"0,19133726";"22,00000000";22;21;"3,16957434"
2019;"Italy";472;"2,58031960";"1,00000000";1;1;"0,17798906"
2019;"Malta";107;"0,58494533";"13,00000000";13;13;"2,67668157"
2019;"Netherlands";498;"2,72245585";"0,00000000";0;0;"0,00000000"
2019;"North Macedonia";305;"1,66736754";"6,00000000";6;6;"1,32122645"
2019;"Norway";331;"1,80950378";"5,00000000";5;5;"1,14323740"
2019;"Russia";370;"2,02270816";"2,00000000";2;2;"0,87625381"
2019;"San Marino";77;"0,42094197";"18,00000000";18;17;"2,88205355"
2019;"Serbia";89;"0,48654331";"17,00000000";17;16;"2,79990476"
2019;"Slovenia";105;"0,57401177";"14,50000000";14;14;"2,69037303"
2019;"Spain";54;"0,29520606";"21,00000000";21;20;"3,03950541"
2019;"Sweden";334;"1,82590412";"4,00000000";4;4;"1,12270020"
2019;"Switzerland";364;"1,98990749";"3,00000000";3;3;"0,91732821"
2019;"United Kingdom";11;"0,06013457";"25,00000000";25;24;"3,33387193"
